Bar Name,Brand Name,Date,Selected Model,Forecast Consumption (ml)
Anderson's Bar,Absolut,2023-12-26,MA-7,0.0
Anderson's Bar,Absolut,2023-12-27,MA-7,0.0
Anderson's Bar,Absolut,2023-12-28,MA-7,0.0
Anderson's Bar,Absolut,2023-12-29,MA-7,0.0
Anderson's Bar,Absolut,2023-12-30,MA-7,0.0
Anderson's Bar,Absolut,2023-12-31,MA-7,0.0
Anderson's Bar,Absolut,2024-01-01,MA-7,0.0
Anderson's Bar,Absolut,2024-01-02,MA-7,0.0
Anderson's Bar,Absolut,2024-01-03,MA-7,0.0
Anderson's Bar,Absolut,2024-01-04,MA-7,0.0
Anderson's Bar,Absolut,2024-01-05,MA-7,0.0
Anderson's Bar,Absolut,2024-01-06,MA-7,0.0
Anderson's Bar,Absolut,2024-01-07,MA-7,0.0
Anderson's Bar,Absolut,2024-01-08,MA-7,0.0
Anderson's Bar,Absolut,2024-01-09,MA-7,0.0
Anderson's Bar,Absolut,2024-01-10,MA-7,0.0
Anderson's Bar,Absolut,2024-01-11,MA-7,0.0
Anderson's Bar,Absolut,2024-01-12,MA-7,0.0
Anderson's Bar,Absolut,2024-01-13,MA-7,0.0
Anderson's Bar,Absolut,2024-01-14,MA-7,0.0
Anderson's Bar,Absolut,2024-01-15,MA-7,0.0
Anderson's Bar,Absolut,2024-01-16,MA-7,0.0
Anderson's Bar,Absolut,2024-01-17,MA-7,0.0
Anderson's Bar,Absolut,2024-01-18,MA-7,0.0
Anderson's Bar,Absolut,2024-01-19,MA-7,0.0
Anderson's Bar,Absolut,2024-01-20,MA-7,0.0
Anderson's Bar,Absolut,2024-01-21,MA-7,0.0
Anderson's Bar,Absolut,2024-01-22,MA-7,0.0
Anderson's Bar,Absolut,2024-01-23,MA-7,0.0
Anderson's Bar,Absolut,2024-01-24,MA-7,0.0
Anderson's Bar,Bacardi,2024-01-01,MA-7,256.5214285714286
Anderson's Bar,Bacardi,2024-01-02,MA-7,256.5214285714286
Anderson's Bar,Bacardi,2024-01-03,MA-7,256.5214285714286
Anderson's Bar,Bacardi,2024-01-04,MA-7,256.5214285714286
Anderson's Bar,Bacardi,2024-01-05,MA-7,256.5214285714286
Anderson's Bar,Bacardi,2024-01-06,MA-7,256.5214285714286
Anderson's Bar,Bacardi,2024-01-07,MA-7,256.5214285714286
Anderson's Bar,Bacardi,2024-01-08,MA-7,256.5214285714286
Anderson's Bar,Bacardi,2024-01-09,MA-7,256.5214285714286
Anderson's Bar,Bacardi,2024-01-10,MA-7,256.5214285714286
Anderson's Bar,Bacardi,2024-01-11,MA-7,256.5214285714286
Anderson's Bar,Bacardi,2024-01-12,MA-7,256.5214285714286
Anderson's Bar,Bacardi,2024-01-13,MA-7,256.5214285714286
Anderson's Bar,Bacardi,2024-01-14,MA-7,256.5214285714286
Anderson's Bar,Bacardi,2024-01-15,MA-7,256.5214285714286
Anderson's Bar,Bacardi,2024-01-16,MA-7,256.5214285714286
Anderson's Bar,Bacardi,2024-01-17,MA-7,256.5214285714286
Anderson's Bar,Bacardi,2024-01-18,MA-7,256.5214285714286
Anderson's Bar,Bacardi,2024-01-19,MA-7,256.5214285714286
Anderson's Bar,Bacardi,2024-01-20,MA-7,256.5214285714286
Anderson's Bar,Bacardi,2024-01-21,MA-7,256.5214285714286
Anderson's Bar,Bacardi,2024-01-22,MA-7,256.5214285714286
Anderson's Bar,Bacardi,2024-01-23,MA-7,256.5214285714286
Anderson's Bar,Bacardi,2024-01-24,MA-7,256.5214285714286
Anderson's Bar,Bacardi,2024-01-25,MA-7,256.5214285714286
Anderson's Bar,Bacardi,2024-01-26,MA-7,256.5214285714286
Anderson's Bar,Bacardi,2024-01-27,MA-7,256.5214285714286
Anderson's Bar,Bacardi,2024-01-28,MA-7,256.5214285714286
Anderson's Bar,Bacardi,2024-01-29,MA-7,256.5214285714286
Anderson's Bar,Bacardi,2024-01-30,MA-7,256.5214285714286
Anderson's Bar,Barefoot,2023-12-31,MA-7,48.188571428571436
Anderson's Bar,Barefoot,2024-01-01,MA-7,48.188571428571436
Anderson's Bar,Barefoot,2024-01-02,MA-7,48.188571428571436
Anderson's Bar,Barefoot,2024-01-03,MA-7,48.188571428571436
Anderson's Bar,Barefoot,2024-01-04,MA-7,48.188571428571436
Anderson's Bar,Barefoot,2024-01-05,MA-7,48.188571428571436
Anderson's Bar,Barefoot,2024-01-06,MA-7,48.188571428571436
Anderson's Bar,Barefoot,2024-01-07,MA-7,48.188571428571436
Anderson's Bar,Barefoot,2024-01-08,MA-7,48.188571428571436
Anderson's Bar,Barefoot,2024-01-09,MA-7,48.188571428571436
Anderson's Bar,Barefoot,2024-01-10,MA-7,48.188571428571436
Anderson's Bar,Barefoot,2024-01-11,MA-7,48.188571428571436
Anderson's Bar,Barefoot,2024-01-12,MA-7,48.188571428571436
Anderson's Bar,Barefoot,2024-01-13,MA-7,48.188571428571436
Anderson's Bar,Barefoot,2024-01-14,MA-7,48.188571428571436
Anderson's Bar,Barefoot,2024-01-15,MA-7,48.188571428571436
Anderson's Bar,Barefoot,2024-01-16,MA-7,48.188571428571436
Anderson's Bar,Barefoot,2024-01-17,MA-7,48.188571428571436
Anderson's Bar,Barefoot,2024-01-18,MA-7,48.188571428571436
Anderson's Bar,Barefoot,2024-01-19,MA-7,48.188571428571436
Anderson's Bar,Barefoot,2024-01-20,MA-7,48.188571428571436
Anderson's Bar,Barefoot,2024-01-21,MA-7,48.188571428571436
Anderson's Bar,Barefoot,2024-01-22,MA-7,48.188571428571436
Anderson's Bar,Barefoot,2024-01-23,MA-7,48.188571428571436
Anderson's Bar,Barefoot,2024-01-24,MA-7,48.188571428571436
Anderson's Bar,Barefoot,2024-01-25,MA-7,48.188571428571436
Anderson's Bar,Barefoot,2024-01-26,MA-7,48.188571428571436
Anderson's Bar,Barefoot,2024-01-27,MA-7,48.188571428571436
Anderson's Bar,Barefoot,2024-01-28,MA-7,48.188571428571436
Anderson's Bar,Barefoot,2024-01-29,MA-7,48.188571428571436
Anderson's Bar,Budweiser,2023-12-27,MA-7,0.0
Anderson's Bar,Budweiser,2023-12-28,MA-7,0.0
Anderson's Bar,Budweiser,2023-12-29,MA-7,0.0
Anderson's Bar,Budweiser,2023-12-30,MA-7,0.0
Anderson's Bar,Budweiser,2023-12-31,MA-7,0.0
Anderson's Bar,Budweiser,2024-01-01,MA-7,0.0
Anderson's Bar,Budweiser,2024-01-02,MA-7,0.0
Anderson's Bar,Budweiser,2024-01-03,MA-7,0.0
Anderson's Bar,Budweiser,2024-01-04,MA-7,0.0
Anderson's Bar,Budweiser,2024-01-05,MA-7,0.0
Anderson's Bar,Budweiser,2024-01-06,MA-7,0.0
Anderson's Bar,Budweiser,2024-01-07,MA-7,0.0
Anderson's Bar,Budweiser,2024-01-08,MA-7,0.0
Anderson's Bar,Budweiser,2024-01-09,MA-7,0.0
Anderson's Bar,Budweiser,2024-01-10,MA-7,0.0
Anderson's Bar,Budweiser,2024-01-11,MA-7,0.0
Anderson's Bar,Budweiser,2024-01-12,MA-7,0.0
Anderson's Bar,Budweiser,2024-01-13,MA-7,0.0
Anderson's Bar,Budweiser,2024-01-14,MA-7,0.0
Anderson's Bar,Budweiser,2024-01-15,MA-7,0.0
Anderson's Bar,Budweiser,2024-01-16,MA-7,0.0
Anderson's Bar,Budweiser,2024-01-17,MA-7,0.0
Anderson's Bar,Budweiser,2024-01-18,MA-7,0.0
Anderson's Bar,Budweiser,2024-01-19,MA-7,0.0
Anderson's Bar,Budweiser,2024-01-20,MA-7,0.0
Anderson's Bar,Budweiser,2024-01-21,MA-7,0.0
Anderson's Bar,Budweiser,2024-01-22,MA-7,0.0
Anderson's Bar,Budweiser,2024-01-23,MA-7,0.0
Anderson's Bar,Budweiser,2024-01-24,MA-7,0.0
Anderson's Bar,Budweiser,2024-01-25,MA-7,0.0
Anderson's Bar,Captain Morgan,2023-12-20,MA-14,135.60357142857146
Anderson's Bar,Captain Morgan,2023-12-21,MA-14,135.60357142857146
Anderson's Bar,Captain Morgan,2023-12-22,MA-14,135.60357142857146
Anderson's Bar,Captain Morgan,2023-12-23,MA-14,135.60357142857146
Anderson's Bar,Captain Morgan,2023-12-24,MA-14,135.60357142857146
Anderson's Bar,Captain Morgan,2023-12-25,MA-14,135.60357142857146
Anderson's Bar,Captain Morgan,2023-12-26,MA-14,135.60357142857146
Anderson's Bar,Captain Morgan,2023-12-27,MA-14,135.60357142857146
Anderson's Bar,Captain Morgan,2023-12-28,MA-14,135.60357142857146
Anderson's Bar,Captain Morgan,2023-12-29,MA-14,135.60357142857146
Anderson's Bar,Captain Morgan,2023-12-30,MA-14,135.60357142857146
Anderson's Bar,Captain Morgan,2023-12-31,MA-14,135.60357142857146
Anderson's Bar,Captain Morgan,2024-01-01,MA-14,135.60357142857146
Anderson's Bar,Captain Morgan,2024-01-02,MA-14,135.60357142857146
Anderson's Bar,Captain Morgan,2024-01-03,MA-14,135.60357142857146
Anderson's Bar,Captain Morgan,2024-01-04,MA-14,135.60357142857146
Anderson's Bar,Captain Morgan,2024-01-05,MA-14,135.60357142857146
Anderson's Bar,Captain Morgan,2024-01-06,MA-14,135.60357142857146
Anderson's Bar,Captain Morgan,2024-01-07,MA-14,135.60357142857146
Anderson's Bar,Captain Morgan,2024-01-08,MA-14,135.60357142857146
Anderson's Bar,Captain Morgan,2024-01-09,MA-14,135.60357142857146
Anderson's Bar,Captain Morgan,2024-01-10,MA-14,135.60357142857146
Anderson's Bar,Captain Morgan,2024-01-11,MA-14,135.60357142857146
Anderson's Bar,Captain Morgan,2024-01-12,MA-14,135.60357142857146
Anderson's Bar,Captain Morgan,2024-01-13,MA-14,135.60357142857146
Anderson's Bar,Captain Morgan,2024-01-14,MA-14,135.60357142857146
Anderson's Bar,Captain Morgan,2024-01-15,MA-14,135.60357142857146
Anderson's Bar,Captain Morgan,2024-01-16,MA-14,135.60357142857146
Anderson's Bar,Captain Morgan,2024-01-17,MA-14,135.60357142857146
Anderson's Bar,Captain Morgan,2024-01-18,MA-14,135.60357142857146
Anderson's Bar,Coors,2024-01-02,MA-7,45.86571428571428
Anderson's Bar,Coors,2024-01-03,MA-7,45.86571428571428
Anderson's Bar,Coors,2024-01-04,MA-7,45.86571428571428
Anderson's Bar,Coors,2024-01-05,MA-7,45.86571428571428
Anderson's Bar,Coors,2024-01-06,MA-7,45.86571428571428
Anderson's Bar,Coors,2024-01-07,MA-7,45.86571428571428
Anderson's Bar,Coors,2024-01-08,MA-7,45.86571428571428
Anderson's Bar,Coors,2024-01-09,MA-7,45.86571428571428
Anderson's Bar,Coors,2024-01-10,MA-7,45.86571428571428
Anderson's Bar,Coors,2024-01-11,MA-7,45.86571428571428
Anderson's Bar,Coors,2024-01-12,MA-7,45.86571428571428
Anderson's Bar,Coors,2024-01-13,MA-7,45.86571428571428
Anderson's Bar,Coors,2024-01-14,MA-7,45.86571428571428
Anderson's Bar,Coors,2024-01-15,MA-7,45.86571428571428
Anderson's Bar,Coors,2024-01-16,MA-7,45.86571428571428
Anderson's Bar,Coors,2024-01-17,MA-7,45.86571428571428
Anderson's Bar,Coors,2024-01-18,MA-7,45.86571428571428
Anderson's Bar,Coors,2024-01-19,MA-7,45.86571428571428
Anderson's Bar,Coors,2024-01-20,MA-7,45.86571428571428
Anderson's Bar,Coors,2024-01-21,MA-7,45.86571428571428
Anderson's Bar,Coors,2024-01-22,MA-7,45.86571428571428
Anderson's Bar,Coors,2024-01-23,MA-7,45.86571428571428
Anderson's Bar,Coors,2024-01-24,MA-7,45.86571428571428
Anderson's Bar,Coors,2024-01-25,MA-7,45.86571428571428
Anderson's Bar,Coors,2024-01-26,MA-7,45.86571428571428
Anderson's Bar,Coors,2024-01-27,MA-7,45.86571428571428
Anderson's Bar,Coors,2024-01-28,MA-7,45.86571428571428
Anderson's Bar,Coors,2024-01-29,MA-7,45.86571428571428
Anderson's Bar,Coors,2024-01-30,MA-7,45.86571428571428
Anderson's Bar,Coors,2024-01-31,MA-7,45.86571428571428
Anderson's Bar,Grey Goose,2023-12-31,MA-30,40.254333333333335
Anderson's Bar,Grey Goose,2024-01-01,MA-30,40.254333333333335
Anderson's Bar,Grey Goose,2024-01-02,MA-30,40.254333333333335
Anderson's Bar,Grey Goose,2024-01-03,MA-30,40.254333333333335
Anderson's Bar,Grey Goose,2024-01-04,MA-30,40.254333333333335
Anderson's Bar,Grey Goose,2024-01-05,MA-30,40.254333333333335
Anderson's Bar,Grey Goose,2024-01-06,MA-30,40.254333333333335
Anderson's Bar,Grey Goose,2024-01-07,MA-30,40.254333333333335
Anderson's Bar,Grey Goose,2024-01-08,MA-30,40.254333333333335
Anderson's Bar,Grey Goose,2024-01-09,MA-30,40.254333333333335
Anderson's Bar,Grey Goose,2024-01-10,MA-30,40.254333333333335
Anderson's Bar,Grey Goose,2024-01-11,MA-30,40.254333333333335
Anderson's Bar,Grey Goose,2024-01-12,MA-30,40.254333333333335
Anderson's Bar,Grey Goose,2024-01-13,MA-30,40.254333333333335
Anderson's Bar,Grey Goose,2024-01-14,MA-30,40.254333333333335
Anderson's Bar,Grey Goose,2024-01-15,MA-30,40.254333333333335
Anderson's Bar,Grey Goose,2024-01-16,MA-30,40.254333333333335
Anderson's Bar,Grey Goose,2024-01-17,MA-30,40.254333333333335
Anderson's Bar,Grey Goose,2024-01-18,MA-30,40.254333333333335
Anderson's Bar,Grey Goose,2024-01-19,MA-30,40.254333333333335
Anderson's Bar,Grey Goose,2024-01-20,MA-30,40.254333333333335
Anderson's Bar,Grey Goose,2024-01-21,MA-30,40.254333333333335
Anderson's Bar,Grey Goose,2024-01-22,MA-30,40.254333333333335
Anderson's Bar,Grey Goose,2024-01-23,MA-30,40.254333333333335
Anderson's Bar,Grey Goose,2024-01-24,MA-30,40.254333333333335
Anderson's Bar,Grey Goose,2024-01-25,MA-30,40.254333333333335
Anderson's Bar,Grey Goose,2024-01-26,MA-30,40.254333333333335
Anderson's Bar,Grey Goose,2024-01-27,MA-30,40.254333333333335
Anderson's Bar,Grey Goose,2024-01-28,MA-30,40.254333333333335
Anderson's Bar,Grey Goose,2024-01-29,MA-30,40.254333333333335
Anderson's Bar,Heineken,2024-01-01,MA-14,69.04714285714286
Anderson's Bar,Heineken,2024-01-02,MA-14,69.04714285714286
Anderson's Bar,Heineken,2024-01-03,MA-14,69.04714285714286
Anderson's Bar,Heineken,2024-01-04,MA-14,69.04714285714286
Anderson's Bar,Heineken,2024-01-05,MA-14,69.04714285714286
Anderson's Bar,Heineken,2024-01-06,MA-14,69.04714285714286
Anderson's Bar,Heineken,2024-01-07,MA-14,69.04714285714286
Anderson's Bar,Heineken,2024-01-08,MA-14,69.04714285714286
Anderson's Bar,Heineken,2024-01-09,MA-14,69.04714285714286
Anderson's Bar,Heineken,2024-01-10,MA-14,69.04714285714286
Anderson's Bar,Heineken,2024-01-11,MA-14,69.04714285714286
Anderson's Bar,Heineken,2024-01-12,MA-14,69.04714285714286
Anderson's Bar,Heineken,2024-01-13,MA-14,69.04714285714286
Anderson's Bar,Heineken,2024-01-14,MA-14,69.04714285714286
Anderson's Bar,Heineken,2024-01-15,MA-14,69.04714285714286
Anderson's Bar,Heineken,2024-01-16,MA-14,69.04714285714286
Anderson's Bar,Heineken,2024-01-17,MA-14,69.04714285714286
Anderson's Bar,Heineken,2024-01-18,MA-14,69.04714285714286
Anderson's Bar,Heineken,2024-01-19,MA-14,69.04714285714286
Anderson's Bar,Heineken,2024-01-20,MA-14,69.04714285714286
Anderson's Bar,Heineken,2024-01-21,MA-14,69.04714285714286
Anderson's Bar,Heineken,2024-01-22,MA-14,69.04714285714286
Anderson's Bar,Heineken,2024-01-23,MA-14,69.04714285714286
Anderson's Bar,Heineken,2024-01-24,MA-14,69.04714285714286
Anderson's Bar,Heineken,2024-01-25,MA-14,69.04714285714286
Anderson's Bar,Heineken,2024-01-26,MA-14,69.04714285714286
Anderson's Bar,Heineken,2024-01-27,MA-14,69.04714285714286
Anderson's Bar,Heineken,2024-01-28,MA-14,69.04714285714286
Anderson's Bar,Heineken,2024-01-29,MA-14,69.04714285714286
Anderson's Bar,Heineken,2024-01-30,MA-14,69.04714285714286
Anderson's Bar,Jack Daniels,2024-01-02,Intermittent Mean,59.76133704735375
Anderson's Bar,Jack Daniels,2024-01-03,Intermittent Mean,59.76133704735375
Anderson's Bar,Jack Daniels,2024-01-04,Intermittent Mean,59.76133704735375
Anderson's Bar,Jack Daniels,2024-01-05,Intermittent Mean,59.76133704735375
Anderson's Bar,Jack Daniels,2024-01-06,Intermittent Mean,59.76133704735375
Anderson's Bar,Jack Daniels,2024-01-07,Intermittent Mean,59.76133704735375
Anderson's Bar,Jack Daniels,2024-01-08,Intermittent Mean,59.76133704735375
Anderson's Bar,Jack Daniels,2024-01-09,Intermittent Mean,59.76133704735375
Anderson's Bar,Jack Daniels,2024-01-10,Intermittent Mean,59.76133704735375
Anderson's Bar,Jack Daniels,2024-01-11,Intermittent Mean,59.76133704735375
Anderson's Bar,Jack Daniels,2024-01-12,Intermittent Mean,59.76133704735375
Anderson's Bar,Jack Daniels,2024-01-13,Intermittent Mean,59.76133704735375
Anderson's Bar,Jack Daniels,2024-01-14,Intermittent Mean,59.76133704735375
Anderson's Bar,Jack Daniels,2024-01-15,Intermittent Mean,59.76133704735375
Anderson's Bar,Jack Daniels,2024-01-16,Intermittent Mean,59.76133704735375
Anderson's Bar,Jack Daniels,2024-01-17,Intermittent Mean,59.76133704735375
Anderson's Bar,Jack Daniels,2024-01-18,Intermittent Mean,59.76133704735375
Anderson's Bar,Jack Daniels,2024-01-19,Intermittent Mean,59.76133704735375
Anderson's Bar,Jack Daniels,2024-01-20,Intermittent Mean,59.76133704735375
Anderson's Bar,Jack Daniels,2024-01-21,Intermittent Mean,59.76133704735375
Anderson's Bar,Jack Daniels,2024-01-22,Intermittent Mean,59.76133704735375
Anderson's Bar,Jack Daniels,2024-01-23,Intermittent Mean,59.76133704735375
Anderson's Bar,Jack Daniels,2024-01-24,Intermittent Mean,59.76133704735375
Anderson's Bar,Jack Daniels,2024-01-25,Intermittent Mean,59.76133704735375
Anderson's Bar,Jack Daniels,2024-01-26,Intermittent Mean,59.76133704735375
Anderson's Bar,Jack Daniels,2024-01-27,Intermittent Mean,59.76133704735375
Anderson's Bar,Jack Daniels,2024-01-28,Intermittent Mean,59.76133704735375
Anderson's Bar,Jack Daniels,2024-01-29,Intermittent Mean,59.76133704735375
Anderson's Bar,Jack Daniels,2024-01-30,Intermittent Mean,59.76133704735375
Anderson's Bar,Jack Daniels,2024-01-31,Intermittent Mean,59.76133704735375
Anderson's Bar,Jameson,2023-12-31,MA-30,49.01533333333334
Anderson's Bar,Jameson,2024-01-01,MA-30,49.01533333333334
Anderson's Bar,Jameson,2024-01-02,MA-30,49.01533333333334
Anderson's Bar,Jameson,2024-01-03,MA-30,49.01533333333334
Anderson's Bar,Jameson,2024-01-04,MA-30,49.01533333333334
Anderson's Bar,Jameson,2024-01-05,MA-30,49.01533333333334
Anderson's Bar,Jameson,2024-01-06,MA-30,49.01533333333334
Anderson's Bar,Jameson,2024-01-07,MA-30,49.01533333333334
Anderson's Bar,Jameson,2024-01-08,MA-30,49.01533333333334
Anderson's Bar,Jameson,2024-01-09,MA-30,49.01533333333334
Anderson's Bar,Jameson,2024-01-10,MA-30,49.01533333333334
Anderson's Bar,Jameson,2024-01-11,MA-30,49.01533333333334
Anderson's Bar,Jameson,2024-01-12,MA-30,49.01533333333334
Anderson's Bar,Jameson,2024-01-13,MA-30,49.01533333333334
Anderson's Bar,Jameson,2024-01-14,MA-30,49.01533333333334
Anderson's Bar,Jameson,2024-01-15,MA-30,49.01533333333334
Anderson's Bar,Jameson,2024-01-16,MA-30,49.01533333333334
Anderson's Bar,Jameson,2024-01-17,MA-30,49.01533333333334
Anderson's Bar,Jameson,2024-01-18,MA-30,49.01533333333334
Anderson's Bar,Jameson,2024-01-19,MA-30,49.01533333333334
Anderson's Bar,Jameson,2024-01-20,MA-30,49.01533333333334
Anderson's Bar,Jameson,2024-01-21,MA-30,49.01533333333334
Anderson's Bar,Jameson,2024-01-22,MA-30,49.01533333333334
Anderson's Bar,Jameson,2024-01-23,MA-30,49.01533333333334
Anderson's Bar,Jameson,2024-01-24,MA-30,49.01533333333334
Anderson's Bar,Jameson,2024-01-25,MA-30,49.01533333333334
Anderson's Bar,Jameson,2024-01-26,MA-30,49.01533333333334
Anderson's Bar,Jameson,2024-01-27,MA-30,49.01533333333334
Anderson's Bar,Jameson,2024-01-28,MA-30,49.01533333333334
Anderson's Bar,Jameson,2024-01-29,MA-30,49.01533333333334
Anderson's Bar,Jim Beam,2024-01-01,MA-7,158.48285714285717
Anderson's Bar,Jim Beam,2024-01-02,MA-7,158.48285714285717
Anderson's Bar,Jim Beam,2024-01-03,MA-7,158.48285714285717
Anderson's Bar,Jim Beam,2024-01-04,MA-7,158.48285714285717
Anderson's Bar,Jim Beam,2024-01-05,MA-7,158.48285714285717
Anderson's Bar,Jim Beam,2024-01-06,MA-7,158.48285714285717
Anderson's Bar,Jim Beam,2024-01-07,MA-7,158.48285714285717
Anderson's Bar,Jim Beam,2024-01-08,MA-7,158.48285714285717
Anderson's Bar,Jim Beam,2024-01-09,MA-7,158.48285714285717
Anderson's Bar,Jim Beam,2024-01-10,MA-7,158.48285714285717
Anderson's Bar,Jim Beam,2024-01-11,MA-7,158.48285714285717
Anderson's Bar,Jim Beam,2024-01-12,MA-7,158.48285714285717
Anderson's Bar,Jim Beam,2024-01-13,MA-7,158.48285714285717
Anderson's Bar,Jim Beam,2024-01-14,MA-7,158.48285714285717
Anderson's Bar,Jim Beam,2024-01-15,MA-7,158.48285714285717
Anderson's Bar,Jim Beam,2024-01-16,MA-7,158.48285714285717
Anderson's Bar,Jim Beam,2024-01-17,MA-7,158.48285714285717
Anderson's Bar,Jim Beam,2024-01-18,MA-7,158.48285714285717
Anderson's Bar,Jim Beam,2024-01-19,MA-7,158.48285714285717
Anderson's Bar,Jim Beam,2024-01-20,MA-7,158.48285714285717
Anderson's Bar,Jim Beam,2024-01-21,MA-7,158.48285714285717
Anderson's Bar,Jim Beam,2024-01-22,MA-7,158.48285714285717
Anderson's Bar,Jim Beam,2024-01-23,MA-7,158.48285714285717
Anderson's Bar,Jim Beam,2024-01-24,MA-7,158.48285714285717
Anderson's Bar,Jim Beam,2024-01-25,MA-7,158.48285714285717
Anderson's Bar,Jim Beam,2024-01-26,MA-7,158.48285714285717
Anderson's Bar,Jim Beam,2024-01-27,MA-7,158.48285714285717
Anderson's Bar,Jim Beam,2024-01-28,MA-7,158.48285714285717
Anderson's Bar,Jim Beam,2024-01-29,MA-7,158.48285714285717
Anderson's Bar,Jim Beam,2024-01-30,MA-7,158.48285714285717
Anderson's Bar,Malibu,2024-01-02,Intermittent Mean,37.763222222222225
Anderson's Bar,Malibu,2024-01-03,Intermittent Mean,37.763222222222225
Anderson's Bar,Malibu,2024-01-04,Intermittent Mean,37.763222222222225
Anderson's Bar,Malibu,2024-01-05,Intermittent Mean,37.763222222222225
Anderson's Bar,Malibu,2024-01-06,Intermittent Mean,37.763222222222225
Anderson's Bar,Malibu,2024-01-07,Intermittent Mean,37.763222222222225
Anderson's Bar,Malibu,2024-01-08,Intermittent Mean,37.763222222222225
Anderson's Bar,Malibu,2024-01-09,Intermittent Mean,37.763222222222225
Anderson's Bar,Malibu,2024-01-10,Intermittent Mean,37.763222222222225
Anderson's Bar,Malibu,2024-01-11,Intermittent Mean,37.763222222222225
Anderson's Bar,Malibu,2024-01-12,Intermittent Mean,37.763222222222225
Anderson's Bar,Malibu,2024-01-13,Intermittent Mean,37.763222222222225
Anderson's Bar,Malibu,2024-01-14,Intermittent Mean,37.763222222222225
Anderson's Bar,Malibu,2024-01-15,Intermittent Mean,37.763222222222225
Anderson's Bar,Malibu,2024-01-16,Intermittent Mean,37.763222222222225
Anderson's Bar,Malibu,2024-01-17,Intermittent Mean,37.763222222222225
Anderson's Bar,Malibu,2024-01-18,Intermittent Mean,37.763222222222225
Anderson's Bar,Malibu,2024-01-19,Intermittent Mean,37.763222222222225
Anderson's Bar,Malibu,2024-01-20,Intermittent Mean,37.763222222222225
Anderson's Bar,Malibu,2024-01-21,Intermittent Mean,37.763222222222225
Anderson's Bar,Malibu,2024-01-22,Intermittent Mean,37.763222222222225
Anderson's Bar,Malibu,2024-01-23,Intermittent Mean,37.763222222222225
Anderson's Bar,Malibu,2024-01-24,Intermittent Mean,37.763222222222225
Anderson's Bar,Malibu,2024-01-25,Intermittent Mean,37.763222222222225
Anderson's Bar,Malibu,2024-01-26,Intermittent Mean,37.763222222222225
Anderson's Bar,Malibu,2024-01-27,Intermittent Mean,37.763222222222225
Anderson's Bar,Malibu,2024-01-28,Intermittent Mean,37.763222222222225
Anderson's Bar,Malibu,2024-01-29,Intermittent Mean,37.763222222222225
Anderson's Bar,Malibu,2024-01-30,Intermittent Mean,37.763222222222225
Anderson's Bar,Malibu,2024-01-31,Intermittent Mean,37.763222222222225
Anderson's Bar,Miller,2023-12-30,MA-14,2.051428571428571
Anderson's Bar,Miller,2023-12-31,MA-14,2.051428571428571
Anderson's Bar,Miller,2024-01-01,MA-14,2.051428571428571
Anderson's Bar,Miller,2024-01-02,MA-14,2.051428571428571
Anderson's Bar,Miller,2024-01-03,MA-14,2.051428571428571
Anderson's Bar,Miller,2024-01-04,MA-14,2.051428571428571
Anderson's Bar,Miller,2024-01-05,MA-14,2.051428571428571
Anderson's Bar,Miller,2024-01-06,MA-14,2.051428571428571
Anderson's Bar,Miller,2024-01-07,MA-14,2.051428571428571
Anderson's Bar,Miller,2024-01-08,MA-14,2.051428571428571
Anderson's Bar,Miller,2024-01-09,MA-14,2.051428571428571
Anderson's Bar,Miller,2024-01-10,MA-14,2.051428571428571
Anderson's Bar,Miller,2024-01-11,MA-14,2.051428571428571
Anderson's Bar,Miller,2024-01-12,MA-14,2.051428571428571
Anderson's Bar,Miller,2024-01-13,MA-14,2.051428571428571
Anderson's Bar,Miller,2024-01-14,MA-14,2.051428571428571
Anderson's Bar,Miller,2024-01-15,MA-14,2.051428571428571
Anderson's Bar,Miller,2024-01-16,MA-14,2.051428571428571
Anderson's Bar,Miller,2024-01-17,MA-14,2.051428571428571
Anderson's Bar,Miller,2024-01-18,MA-14,2.051428571428571
Anderson's Bar,Miller,2024-01-19,MA-14,2.051428571428571
Anderson's Bar,Miller,2024-01-20,MA-14,2.051428571428571
Anderson's Bar,Miller,2024-01-21,MA-14,2.051428571428571
Anderson's Bar,Miller,2024-01-22,MA-14,2.051428571428571
Anderson's Bar,Miller,2024-01-23,MA-14,2.051428571428571
Anderson's Bar,Miller,2024-01-24,MA-14,2.051428571428571
Anderson's Bar,Miller,2024-01-25,MA-14,2.051428571428571
Anderson's Bar,Miller,2024-01-26,MA-14,2.051428571428571
Anderson's Bar,Miller,2024-01-27,MA-14,2.051428571428571
Anderson's Bar,Miller,2024-01-28,MA-14,2.051428571428571
Anderson's Bar,Smirnoff,2023-12-27,MA-14,42.401428571428575
Anderson's Bar,Smirnoff,2023-12-28,MA-14,42.401428571428575
Anderson's Bar,Smirnoff,2023-12-29,MA-14,42.401428571428575
Anderson's Bar,Smirnoff,2023-12-30,MA-14,42.401428571428575
Anderson's Bar,Smirnoff,2023-12-31,MA-14,42.401428571428575
Anderson's Bar,Smirnoff,2024-01-01,MA-14,42.401428571428575
Anderson's Bar,Smirnoff,2024-01-02,MA-14,42.401428571428575
Anderson's Bar,Smirnoff,2024-01-03,MA-14,42.401428571428575
Anderson's Bar,Smirnoff,2024-01-04,MA-14,42.401428571428575
Anderson's Bar,Smirnoff,2024-01-05,MA-14,42.401428571428575
Anderson's Bar,Smirnoff,2024-01-06,MA-14,42.401428571428575
Anderson's Bar,Smirnoff,2024-01-07,MA-14,42.401428571428575
Anderson's Bar,Smirnoff,2024-01-08,MA-14,42.401428571428575
Anderson's Bar,Smirnoff,2024-01-09,MA-14,42.401428571428575
Anderson's Bar,Smirnoff,2024-01-10,MA-14,42.401428571428575
Anderson's Bar,Smirnoff,2024-01-11,MA-14,42.401428571428575
Anderson's Bar,Smirnoff,2024-01-12,MA-14,42.401428571428575
Anderson's Bar,Smirnoff,2024-01-13,MA-14,42.401428571428575
Anderson's Bar,Smirnoff,2024-01-14,MA-14,42.401428571428575
Anderson's Bar,Smirnoff,2024-01-15,MA-14,42.401428571428575
Anderson's Bar,Smirnoff,2024-01-16,MA-14,42.401428571428575
Anderson's Bar,Smirnoff,2024-01-17,MA-14,42.401428571428575
Anderson's Bar,Smirnoff,2024-01-18,MA-14,42.401428571428575
Anderson's Bar,Smirnoff,2024-01-19,MA-14,42.401428571428575
Anderson's Bar,Smirnoff,2024-01-20,MA-14,42.401428571428575
Anderson's Bar,Smirnoff,2024-01-21,MA-14,42.401428571428575
Anderson's Bar,Smirnoff,2024-01-22,MA-14,42.401428571428575
Anderson's Bar,Smirnoff,2024-01-23,MA-14,42.401428571428575
Anderson's Bar,Smirnoff,2024-01-24,MA-14,42.401428571428575
Anderson's Bar,Smirnoff,2024-01-25,MA-14,42.401428571428575
Anderson's Bar,Sutter Home,2023-12-27,Intermittent Mean,63.377055555555565
Anderson's Bar,Sutter Home,2023-12-28,Intermittent Mean,63.377055555555565
Anderson's Bar,Sutter Home,2023-12-29,Intermittent Mean,63.377055555555565
Anderson's Bar,Sutter Home,2023-12-30,Intermittent Mean,63.377055555555565
Anderson's Bar,Sutter Home,2023-12-31,Intermittent Mean,63.377055555555565
Anderson's Bar,Sutter Home,2024-01-01,Intermittent Mean,63.377055555555565
Anderson's Bar,Sutter Home,2024-01-02,Intermittent Mean,63.377055555555565
Anderson's Bar,Sutter Home,2024-01-03,Intermittent Mean,63.377055555555565
Anderson's Bar,Sutter Home,2024-01-04,Intermittent Mean,63.377055555555565
Anderson's Bar,Sutter Home,2024-01-05,Intermittent Mean,63.377055555555565
Anderson's Bar,Sutter Home,2024-01-06,Intermittent Mean,63.377055555555565
Anderson's Bar,Sutter Home,2024-01-07,Intermittent Mean,63.377055555555565
Anderson's Bar,Sutter Home,2024-01-08,Intermittent Mean,63.377055555555565
Anderson's Bar,Sutter Home,2024-01-09,Intermittent Mean,63.377055555555565
Anderson's Bar,Sutter Home,2024-01-10,Intermittent Mean,63.377055555555565
Anderson's Bar,Sutter Home,2024-01-11,Intermittent Mean,63.377055555555565
Anderson's Bar,Sutter Home,2024-01-12,Intermittent Mean,63.377055555555565
Anderson's Bar,Sutter Home,2024-01-13,Intermittent Mean,63.377055555555565
Anderson's Bar,Sutter Home,2024-01-14,Intermittent Mean,63.377055555555565
Anderson's Bar,Sutter Home,2024-01-15,Intermittent Mean,63.377055555555565
Anderson's Bar,Sutter Home,2024-01-16,Intermittent Mean,63.377055555555565
Anderson's Bar,Sutter Home,2024-01-17,Intermittent Mean,63.377055555555565
Anderson's Bar,Sutter Home,2024-01-18,Intermittent Mean,63.377055555555565
Anderson's Bar,Sutter Home,2024-01-19,Intermittent Mean,63.377055555555565
Anderson's Bar,Sutter Home,2024-01-20,Intermittent Mean,63.377055555555565
Anderson's Bar,Sutter Home,2024-01-21,Intermittent Mean,63.377055555555565
Anderson's Bar,Sutter Home,2024-01-22,Intermittent Mean,63.377055555555565
Anderson's Bar,Sutter Home,2024-01-23,Intermittent Mean,63.377055555555565
Anderson's Bar,Sutter Home,2024-01-24,Intermittent Mean,63.377055555555565
Anderson's Bar,Sutter Home,2024-01-25,Intermittent Mean,63.377055555555565
Anderson's Bar,Yellow Tail,2024-01-01,MA-30,67.622
Anderson's Bar,Yellow Tail,2024-01-02,MA-30,67.622
Anderson's Bar,Yellow Tail,2024-01-03,MA-30,67.622
Anderson's Bar,Yellow Tail,2024-01-04,MA-30,67.622
Anderson's Bar,Yellow Tail,2024-01-05,MA-30,67.622
Anderson's Bar,Yellow Tail,2024-01-06,MA-30,67.622
Anderson's Bar,Yellow Tail,2024-01-07,MA-30,67.622
Anderson's Bar,Yellow Tail,2024-01-08,MA-30,67.622
Anderson's Bar,Yellow Tail,2024-01-09,MA-30,67.622
Anderson's Bar,Yellow Tail,2024-01-10,MA-30,67.622
Anderson's Bar,Yellow Tail,2024-01-11,MA-30,67.622
Anderson's Bar,Yellow Tail,2024-01-12,MA-30,67.622
Anderson's Bar,Yellow Tail,2024-01-13,MA-30,67.622
Anderson's Bar,Yellow Tail,2024-01-14,MA-30,67.622
Anderson's Bar,Yellow Tail,2024-01-15,MA-30,67.622
Anderson's Bar,Yellow Tail,2024-01-16,MA-30,67.622
Anderson's Bar,Yellow Tail,2024-01-17,MA-30,67.622
Anderson's Bar,Yellow Tail,2024-01-18,MA-30,67.622
Anderson's Bar,Yellow Tail,2024-01-19,MA-30,67.622
Anderson's Bar,Yellow Tail,2024-01-20,MA-30,67.622
Anderson's Bar,Yellow Tail,2024-01-21,MA-30,67.622
Anderson's Bar,Yellow Tail,2024-01-22,MA-30,67.622
Anderson's Bar,Yellow Tail,2024-01-23,MA-30,67.622
Anderson's Bar,Yellow Tail,2024-01-24,MA-30,67.622
Anderson's Bar,Yellow Tail,2024-01-25,MA-30,67.622
Anderson's Bar,Yellow Tail,2024-01-26,MA-30,67.622
Anderson's Bar,Yellow Tail,2024-01-27,MA-30,67.622
Anderson's Bar,Yellow Tail,2024-01-28,MA-30,67.622
Anderson's Bar,Yellow Tail,2024-01-29,MA-30,67.622
Anderson's Bar,Yellow Tail,2024-01-30,MA-30,67.622
Brown's Bar,Absolut,2023-12-28,Intermittent Mean,50.99508333333333
Brown's Bar,Absolut,2023-12-29,Intermittent Mean,50.99508333333333
Brown's Bar,Absolut,2023-12-30,Intermittent Mean,50.99508333333333
Brown's Bar,Absolut,2023-12-31,Intermittent Mean,50.99508333333333
Brown's Bar,Absolut,2024-01-01,Intermittent Mean,50.99508333333333
Brown's Bar,Absolut,2024-01-02,Intermittent Mean,50.99508333333333
Brown's Bar,Absolut,2024-01-03,Intermittent Mean,50.99508333333333
Brown's Bar,Absolut,2024-01-04,Intermittent Mean,50.99508333333333
Brown's Bar,Absolut,2024-01-05,Intermittent Mean,50.99508333333333
Brown's Bar,Absolut,2024-01-06,Intermittent Mean,50.99508333333333
Brown's Bar,Absolut,2024-01-07,Intermittent Mean,50.99508333333333
Brown's Bar,Absolut,2024-01-08,Intermittent Mean,50.99508333333333
Brown's Bar,Absolut,2024-01-09,Intermittent Mean,50.99508333333333
Brown's Bar,Absolut,2024-01-10,Intermittent Mean,50.99508333333333
Brown's Bar,Absolut,2024-01-11,Intermittent Mean,50.99508333333333
Brown's Bar,Absolut,2024-01-12,Intermittent Mean,50.99508333333333
Brown's Bar,Absolut,2024-01-13,Intermittent Mean,50.99508333333333
Brown's Bar,Absolut,2024-01-14,Intermittent Mean,50.99508333333333
Brown's Bar,Absolut,2024-01-15,Intermittent Mean,50.99508333333333
Brown's Bar,Absolut,2024-01-16,Intermittent Mean,50.99508333333333
Brown's Bar,Absolut,2024-01-17,Intermittent Mean,50.99508333333333
Brown's Bar,Absolut,2024-01-18,Intermittent Mean,50.99508333333333
Brown's Bar,Absolut,2024-01-19,Intermittent Mean,50.99508333333333
Brown's Bar,Absolut,2024-01-20,Intermittent Mean,50.99508333333333
Brown's Bar,Absolut,2024-01-21,Intermittent Mean,50.99508333333333
Brown's Bar,Absolut,2024-01-22,Intermittent Mean,50.99508333333333
Brown's Bar,Absolut,2024-01-23,Intermittent Mean,50.99508333333333
Brown's Bar,Absolut,2024-01-24,Intermittent Mean,50.99508333333333
Brown's Bar,Absolut,2024-01-25,Intermittent Mean,50.99508333333333
Brown's Bar,Absolut,2024-01-26,Intermittent Mean,50.99508333333333
Brown's Bar,Bacardi,2023-12-29,Intermittent Mean,64.87781163434904
Brown's Bar,Bacardi,2023-12-30,Intermittent Mean,64.87781163434904
Brown's Bar,Bacardi,2023-12-31,Intermittent Mean,64.87781163434904
Brown's Bar,Bacardi,2024-01-01,Intermittent Mean,64.87781163434904
Brown's Bar,Bacardi,2024-01-02,Intermittent Mean,64.87781163434904
Brown's Bar,Bacardi,2024-01-03,Intermittent Mean,64.87781163434904
Brown's Bar,Bacardi,2024-01-04,Intermittent Mean,64.87781163434904
Brown's Bar,Bacardi,2024-01-05,Intermittent Mean,64.87781163434904
Brown's Bar,Bacardi,2024-01-06,Intermittent Mean,64.87781163434904
Brown's Bar,Bacardi,2024-01-07,Intermittent Mean,64.87781163434904
Brown's Bar,Bacardi,2024-01-08,Intermittent Mean,64.87781163434904
Brown's Bar,Bacardi,2024-01-09,Intermittent Mean,64.87781163434904
Brown's Bar,Bacardi,2024-01-10,Intermittent Mean,64.87781163434904
Brown's Bar,Bacardi,2024-01-11,Intermittent Mean,64.87781163434904
Brown's Bar,Bacardi,2024-01-12,Intermittent Mean,64.87781163434904
Brown's Bar,Bacardi,2024-01-13,Intermittent Mean,64.87781163434904
Brown's Bar,Bacardi,2024-01-14,Intermittent Mean,64.87781163434904
Brown's Bar,Bacardi,2024-01-15,Intermittent Mean,64.87781163434904
Brown's Bar,Bacardi,2024-01-16,Intermittent Mean,64.87781163434904
Brown's Bar,Bacardi,2024-01-17,Intermittent Mean,64.87781163434904
Brown's Bar,Bacardi,2024-01-18,Intermittent Mean,64.87781163434904
Brown's Bar,Bacardi,2024-01-19,Intermittent Mean,64.87781163434904
Brown's Bar,Bacardi,2024-01-20,Intermittent Mean,64.87781163434904
Brown's Bar,Bacardi,2024-01-21,Intermittent Mean,64.87781163434904
Brown's Bar,Bacardi,2024-01-22,Intermittent Mean,64.87781163434904
Brown's Bar,Bacardi,2024-01-23,Intermittent Mean,64.87781163434904
Brown's Bar,Bacardi,2024-01-24,Intermittent Mean,64.87781163434904
Brown's Bar,Bacardi,2024-01-25,Intermittent Mean,64.87781163434904
Brown's Bar,Bacardi,2024-01-26,Intermittent Mean,64.87781163434904
Brown's Bar,Bacardi,2024-01-27,Intermittent Mean,64.87781163434904
Brown's Bar,Barefoot,2024-01-02,MA-30,82.70833333333333
Brown's Bar,Barefoot,2024-01-03,MA-30,82.70833333333333
Brown's Bar,Barefoot,2024-01-04,MA-30,82.70833333333333
Brown's Bar,Barefoot,2024-01-05,MA-30,82.70833333333333
Brown's Bar,Barefoot,2024-01-06,MA-30,82.70833333333333
Brown's Bar,Barefoot,2024-01-07,MA-30,82.70833333333333
Brown's Bar,Barefoot,2024-01-08,MA-30,82.70833333333333
Brown's Bar,Barefoot,2024-01-09,MA-30,82.70833333333333
Brown's Bar,Barefoot,2024-01-10,MA-30,82.70833333333333
Brown's Bar,Barefoot,2024-01-11,MA-30,82.70833333333333
Brown's Bar,Barefoot,2024-01-12,MA-30,82.70833333333333
Brown's Bar,Barefoot,2024-01-13,MA-30,82.70833333333333
Brown's Bar,Barefoot,2024-01-14,MA-30,82.70833333333333
Brown's Bar,Barefoot,2024-01-15,MA-30,82.70833333333333
Brown's Bar,Barefoot,2024-01-16,MA-30,82.70833333333333
Brown's Bar,Barefoot,2024-01-17,MA-30,82.70833333333333
Brown's Bar,Barefoot,2024-01-18,MA-30,82.70833333333333
Brown's Bar,Barefoot,2024-01-19,MA-30,82.70833333333333
Brown's Bar,Barefoot,2024-01-20,MA-30,82.70833333333333
Brown's Bar,Barefoot,2024-01-21,MA-30,82.70833333333333
Brown's Bar,Barefoot,2024-01-22,MA-30,82.70833333333333
Brown's Bar,Barefoot,2024-01-23,MA-30,82.70833333333333
Brown's Bar,Barefoot,2024-01-24,MA-30,82.70833333333333
Brown's Bar,Barefoot,2024-01-25,MA-30,82.70833333333333
Brown's Bar,Barefoot,2024-01-26,MA-30,82.70833333333333
Brown's Bar,Barefoot,2024-01-27,MA-30,82.70833333333333
Brown's Bar,Barefoot,2024-01-28,MA-30,82.70833333333333
Brown's Bar,Barefoot,2024-01-29,MA-30,82.70833333333333
Brown's Bar,Barefoot,2024-01-30,MA-30,82.70833333333333
Brown's Bar,Barefoot,2024-01-31,MA-30,82.70833333333333
Brown's Bar,Budweiser,2023-12-21,MA-7,65.96857142857142
Brown's Bar,Budweiser,2023-12-22,MA-7,65.96857142857142
Brown's Bar,Budweiser,2023-12-23,MA-7,65.96857142857142
Brown's Bar,Budweiser,2023-12-24,MA-7,65.96857142857142
Brown's Bar,Budweiser,2023-12-25,MA-7,65.96857142857142
Brown's Bar,Budweiser,2023-12-26,MA-7,65.96857142857142
Brown's Bar,Budweiser,2023-12-27,MA-7,65.96857142857142
Brown's Bar,Budweiser,2023-12-28,MA-7,65.96857142857142
Brown's Bar,Budweiser,2023-12-29,MA-7,65.96857142857142
Brown's Bar,Budweiser,2023-12-30,MA-7,65.96857142857142
Brown's Bar,Budweiser,2023-12-31,MA-7,65.96857142857142
Brown's Bar,Budweiser,2024-01-01,MA-7,65.96857142857142
Brown's Bar,Budweiser,2024-01-02,MA-7,65.96857142857142
Brown's Bar,Budweiser,2024-01-03,MA-7,65.96857142857142
Brown's Bar,Budweiser,2024-01-04,MA-7,65.96857142857142
Brown's Bar,Budweiser,2024-01-05,MA-7,65.96857142857142
Brown's Bar,Budweiser,2024-01-06,MA-7,65.96857142857142
Brown's Bar,Budweiser,2024-01-07,MA-7,65.96857142857142
Brown's Bar,Budweiser,2024-01-08,MA-7,65.96857142857142
Brown's Bar,Budweiser,2024-01-09,MA-7,65.96857142857142
Brown's Bar,Budweiser,2024-01-10,MA-7,65.96857142857142
Brown's Bar,Budweiser,2024-01-11,MA-7,65.96857142857142
Brown's Bar,Budweiser,2024-01-12,MA-7,65.96857142857142
Brown's Bar,Budweiser,2024-01-13,MA-7,65.96857142857142
Brown's Bar,Budweiser,2024-01-14,MA-7,65.96857142857142
Brown's Bar,Budweiser,2024-01-15,MA-7,65.96857142857142
Brown's Bar,Budweiser,2024-01-16,MA-7,65.96857142857142
Brown's Bar,Budweiser,2024-01-17,MA-7,65.96857142857142
Brown's Bar,Budweiser,2024-01-18,MA-7,65.96857142857142
Brown's Bar,Budweiser,2024-01-19,MA-7,65.96857142857142
Brown's Bar,Captain Morgan,2023-12-19,MA-30,53.96433333333333
Brown's Bar,Captain Morgan,2023-12-20,MA-30,53.96433333333333
Brown's Bar,Captain Morgan,2023-12-21,MA-30,53.96433333333333
Brown's Bar,Captain Morgan,2023-12-22,MA-30,53.96433333333333
Brown's Bar,Captain Morgan,2023-12-23,MA-30,53.96433333333333
Brown's Bar,Captain Morgan,2023-12-24,MA-30,53.96433333333333
Brown's Bar,Captain Morgan,2023-12-25,MA-30,53.96433333333333
Brown's Bar,Captain Morgan,2023-12-26,MA-30,53.96433333333333
Brown's Bar,Captain Morgan,2023-12-27,MA-30,53.96433333333333
Brown's Bar,Captain Morgan,2023-12-28,MA-30,53.96433333333333
Brown's Bar,Captain Morgan,2023-12-29,MA-30,53.96433333333333
Brown's Bar,Captain Morgan,2023-12-30,MA-30,53.96433333333333
Brown's Bar,Captain Morgan,2023-12-31,MA-30,53.96433333333333
Brown's Bar,Captain Morgan,2024-01-01,MA-30,53.96433333333333
Brown's Bar,Captain Morgan,2024-01-02,MA-30,53.96433333333333
Brown's Bar,Captain Morgan,2024-01-03,MA-30,53.96433333333333
Brown's Bar,Captain Morgan,2024-01-04,MA-30,53.96433333333333
Brown's Bar,Captain Morgan,2024-01-05,MA-30,53.96433333333333
Brown's Bar,Captain Morgan,2024-01-06,MA-30,53.96433333333333
Brown's Bar,Captain Morgan,2024-01-07,MA-30,53.96433333333333
Brown's Bar,Captain Morgan,2024-01-08,MA-30,53.96433333333333
Brown's Bar,Captain Morgan,2024-01-09,MA-30,53.96433333333333
Brown's Bar,Captain Morgan,2024-01-10,MA-30,53.96433333333333
Brown's Bar,Captain Morgan,2024-01-11,MA-30,53.96433333333333
Brown's Bar,Captain Morgan,2024-01-12,MA-30,53.96433333333333
Brown's Bar,Captain Morgan,2024-01-13,MA-30,53.96433333333333
Brown's Bar,Captain Morgan,2024-01-14,MA-30,53.96433333333333
Brown's Bar,Captain Morgan,2024-01-15,MA-30,53.96433333333333
Brown's Bar,Captain Morgan,2024-01-16,MA-30,53.96433333333333
Brown's Bar,Captain Morgan,2024-01-17,MA-30,53.96433333333333
Brown's Bar,Coors,2023-12-26,Mean,39.74223796033994
Brown's Bar,Coors,2023-12-27,Mean,39.74223796033994
Brown's Bar,Coors,2023-12-28,Mean,39.74223796033994
Brown's Bar,Coors,2023-12-29,Mean,39.74223796033994
Brown's Bar,Coors,2023-12-30,Mean,39.74223796033994
Brown's Bar,Coors,2023-12-31,Mean,39.74223796033994
Brown's Bar,Coors,2024-01-01,Mean,39.74223796033994
Brown's Bar,Coors,2024-01-02,Mean,39.74223796033994
Brown's Bar,Coors,2024-01-03,Mean,39.74223796033994
Brown's Bar,Coors,2024-01-04,Mean,39.74223796033994
Brown's Bar,Coors,2024-01-05,Mean,39.74223796033994
Brown's Bar,Coors,2024-01-06,Mean,39.74223796033994
Brown's Bar,Coors,2024-01-07,Mean,39.74223796033994
Brown's Bar,Coors,2024-01-08,Mean,39.74223796033994
Brown's Bar,Coors,2024-01-09,Mean,39.74223796033994
Brown's Bar,Coors,2024-01-10,Mean,39.74223796033994
Brown's Bar,Coors,2024-01-11,Mean,39.74223796033994
Brown's Bar,Coors,2024-01-12,Mean,39.74223796033994
Brown's Bar,Coors,2024-01-13,Mean,39.74223796033994
Brown's Bar,Coors,2024-01-14,Mean,39.74223796033994
Brown's Bar,Coors,2024-01-15,Mean,39.74223796033994
Brown's Bar,Coors,2024-01-16,Mean,39.74223796033994
Brown's Bar,Coors,2024-01-17,Mean,39.74223796033994
Brown's Bar,Coors,2024-01-18,Mean,39.74223796033994
Brown's Bar,Coors,2024-01-19,Mean,39.74223796033994
Brown's Bar,Coors,2024-01-20,Mean,39.74223796033994
Brown's Bar,Coors,2024-01-21,Mean,39.74223796033994
Brown's Bar,Coors,2024-01-22,Mean,39.74223796033994
Brown's Bar,Coors,2024-01-23,Mean,39.74223796033994
Brown's Bar,Coors,2024-01-24,Mean,39.74223796033994
Brown's Bar,Grey Goose,2023-12-30,Intermittent Mean,76.78595041322315
Brown's Bar,Grey Goose,2023-12-31,Intermittent Mean,76.78595041322315
Brown's Bar,Grey Goose,2024-01-01,Intermittent Mean,76.78595041322315
Brown's Bar,Grey Goose,2024-01-02,Intermittent Mean,76.78595041322315
Brown's Bar,Grey Goose,2024-01-03,Intermittent Mean,76.78595041322315
Brown's Bar,Grey Goose,2024-01-04,Intermittent Mean,76.78595041322315
Brown's Bar,Grey Goose,2024-01-05,Intermittent Mean,76.78595041322315
Brown's Bar,Grey Goose,2024-01-06,Intermittent Mean,76.78595041322315
Brown's Bar,Grey Goose,2024-01-07,Intermittent Mean,76.78595041322315
Brown's Bar,Grey Goose,2024-01-08,Intermittent Mean,76.78595041322315
Brown's Bar,Grey Goose,2024-01-09,Intermittent Mean,76.78595041322315
Brown's Bar,Grey Goose,2024-01-10,Intermittent Mean,76.78595041322315
Brown's Bar,Grey Goose,2024-01-11,Intermittent Mean,76.78595041322315
Brown's Bar,Grey Goose,2024-01-12,Intermittent Mean,76.78595041322315
Brown's Bar,Grey Goose,2024-01-13,Intermittent Mean,76.78595041322315
Brown's Bar,Grey Goose,2024-01-14,Intermittent Mean,76.78595041322315
Brown's Bar,Grey Goose,2024-01-15,Intermittent Mean,76.78595041322315
Brown's Bar,Grey Goose,2024-01-16,Intermittent Mean,76.78595041322315
Brown's Bar,Grey Goose,2024-01-17,Intermittent Mean,76.78595041322315
Brown's Bar,Grey Goose,2024-01-18,Intermittent Mean,76.78595041322315
Brown's Bar,Grey Goose,2024-01-19,Intermittent Mean,76.78595041322315
Brown's Bar,Grey Goose,2024-01-20,Intermittent Mean,76.78595041322315
Brown's Bar,Grey Goose,2024-01-21,Intermittent Mean,76.78595041322315
Brown's Bar,Grey Goose,2024-01-22,Intermittent Mean,76.78595041322315
Brown's Bar,Grey Goose,2024-01-23,Intermittent Mean,76.78595041322315
Brown's Bar,Grey Goose,2024-01-24,Intermittent Mean,76.78595041322315
Brown's Bar,Grey Goose,2024-01-25,Intermittent Mean,76.78595041322315
Brown's Bar,Grey Goose,2024-01-26,Intermittent Mean,76.78595041322315
Brown's Bar,Grey Goose,2024-01-27,Intermittent Mean,76.78595041322315
Brown's Bar,Grey Goose,2024-01-28,Intermittent Mean,76.78595041322315
Brown's Bar,Heineken,2024-01-02,MA-14,7.973571428571428
Brown's Bar,Heineken,2024-01-03,MA-14,7.973571428571428
Brown's Bar,Heineken,2024-01-04,MA-14,7.973571428571428
Brown's Bar,Heineken,2024-01-05,MA-14,7.973571428571428
Brown's Bar,Heineken,2024-01-06,MA-14,7.973571428571428
Brown's Bar,Heineken,2024-01-07,MA-14,7.973571428571428
Brown's Bar,Heineken,2024-01-08,MA-14,7.973571428571428
Brown's Bar,Heineken,2024-01-09,MA-14,7.973571428571428
Brown's Bar,Heineken,2024-01-10,MA-14,7.973571428571428
Brown's Bar,Heineken,2024-01-11,MA-14,7.973571428571428
Brown's Bar,Heineken,2024-01-12,MA-14,7.973571428571428
Brown's Bar,Heineken,2024-01-13,MA-14,7.973571428571428
Brown's Bar,Heineken,2024-01-14,MA-14,7.973571428571428
Brown's Bar,Heineken,2024-01-15,MA-14,7.973571428571428
Brown's Bar,Heineken,2024-01-16,MA-14,7.973571428571428
Brown's Bar,Heineken,2024-01-17,MA-14,7.973571428571428
Brown's Bar,Heineken,2024-01-18,MA-14,7.973571428571428
Brown's Bar,Heineken,2024-01-19,MA-14,7.973571428571428
Brown's Bar,Heineken,2024-01-20,MA-14,7.973571428571428
Brown's Bar,Heineken,2024-01-21,MA-14,7.973571428571428
Brown's Bar,Heineken,2024-01-22,MA-14,7.973571428571428
Brown's Bar,Heineken,2024-01-23,MA-14,7.973571428571428
Brown's Bar,Heineken,2024-01-24,MA-14,7.973571428571428
Brown's Bar,Heineken,2024-01-25,MA-14,7.973571428571428
Brown's Bar,Heineken,2024-01-26,MA-14,7.973571428571428
Brown's Bar,Heineken,2024-01-27,MA-14,7.973571428571428
Brown's Bar,Heineken,2024-01-28,MA-14,7.973571428571428
Brown's Bar,Heineken,2024-01-29,MA-14,7.973571428571428
Brown's Bar,Heineken,2024-01-30,MA-14,7.973571428571428
Brown's Bar,Heineken,2024-01-31,MA-14,7.973571428571428
Brown's Bar,Jack Daniels,2023-12-23,MA-30,21.964333333333332
Brown's Bar,Jack Daniels,2023-12-24,MA-30,21.964333333333332
Brown's Bar,Jack Daniels,2023-12-25,MA-30,21.964333333333332
Brown's Bar,Jack Daniels,2023-12-26,MA-30,21.964333333333332
Brown's Bar,Jack Daniels,2023-12-27,MA-30,21.964333333333332
Brown's Bar,Jack Daniels,2023-12-28,MA-30,21.964333333333332
Brown's Bar,Jack Daniels,2023-12-29,MA-30,21.964333333333332
Brown's Bar,Jack Daniels,2023-12-30,MA-30,21.964333333333332
Brown's Bar,Jack Daniels,2023-12-31,MA-30,21.964333333333332
Brown's Bar,Jack Daniels,2024-01-01,MA-30,21.964333333333332
Brown's Bar,Jack Daniels,2024-01-02,MA-30,21.964333333333332
Brown's Bar,Jack Daniels,2024-01-03,MA-30,21.964333333333332
Brown's Bar,Jack Daniels,2024-01-04,MA-30,21.964333333333332
Brown's Bar,Jack Daniels,2024-01-05,MA-30,21.964333333333332
Brown's Bar,Jack Daniels,2024-01-06,MA-30,21.964333333333332
Brown's Bar,Jack Daniels,2024-01-07,MA-30,21.964333333333332
Brown's Bar,Jack Daniels,2024-01-08,MA-30,21.964333333333332
Brown's Bar,Jack Daniels,2024-01-09,MA-30,21.964333333333332
Brown's Bar,Jack Daniels,2024-01-10,MA-30,21.964333333333332
Brown's Bar,Jack Daniels,2024-01-11,MA-30,21.964333333333332
Brown's Bar,Jack Daniels,2024-01-12,MA-30,21.964333333333332
Brown's Bar,Jack Daniels,2024-01-13,MA-30,21.964333333333332
Brown's Bar,Jack Daniels,2024-01-14,MA-30,21.964333333333332
Brown's Bar,Jack Daniels,2024-01-15,MA-30,21.964333333333332
Brown's Bar,Jack Daniels,2024-01-16,MA-30,21.964333333333332
Brown's Bar,Jack Daniels,2024-01-17,MA-30,21.964333333333332
Brown's Bar,Jack Daniels,2024-01-18,MA-30,21.964333333333332
Brown's Bar,Jack Daniels,2024-01-19,MA-30,21.964333333333332
Brown's Bar,Jack Daniels,2024-01-20,MA-30,21.964333333333332
Brown's Bar,Jack Daniels,2024-01-21,MA-30,21.964333333333332
Brown's Bar,Jameson,2023-12-24,Intermittent Mean,68.23246418338108
Brown's Bar,Jameson,2023-12-25,Intermittent Mean,68.23246418338108
Brown's Bar,Jameson,2023-12-26,Intermittent Mean,68.23246418338108
Brown's Bar,Jameson,2023-12-27,Intermittent Mean,68.23246418338108
Brown's Bar,Jameson,2023-12-28,Intermittent Mean,68.23246418338108
Brown's Bar,Jameson,2023-12-29,Intermittent Mean,68.23246418338108
Brown's Bar,Jameson,2023-12-30,Intermittent Mean,68.23246418338108
Brown's Bar,Jameson,2023-12-31,Intermittent Mean,68.23246418338108
Brown's Bar,Jameson,2024-01-01,Intermittent Mean,68.23246418338108
Brown's Bar,Jameson,2024-01-02,Intermittent Mean,68.23246418338108
Brown's Bar,Jameson,2024-01-03,Intermittent Mean,68.23246418338108
Brown's Bar,Jameson,2024-01-04,Intermittent Mean,68.23246418338108
Brown's Bar,Jameson,2024-01-05,Intermittent Mean,68.23246418338108
Brown's Bar,Jameson,2024-01-06,Intermittent Mean,68.23246418338108
Brown's Bar,Jameson,2024-01-07,Intermittent Mean,68.23246418338108
Brown's Bar,Jameson,2024-01-08,Intermittent Mean,68.23246418338108
Brown's Bar,Jameson,2024-01-09,Intermittent Mean,68.23246418338108
Brown's Bar,Jameson,2024-01-10,Intermittent Mean,68.23246418338108
Brown's Bar,Jameson,2024-01-11,Intermittent Mean,68.23246418338108
Brown's Bar,Jameson,2024-01-12,Intermittent Mean,68.23246418338108
Brown's Bar,Jameson,2024-01-13,Intermittent Mean,68.23246418338108
Brown's Bar,Jameson,2024-01-14,Intermittent Mean,68.23246418338108
Brown's Bar,Jameson,2024-01-15,Intermittent Mean,68.23246418338108
Brown's Bar,Jameson,2024-01-16,Intermittent Mean,68.23246418338108
Brown's Bar,Jameson,2024-01-17,Intermittent Mean,68.23246418338108
Brown's Bar,Jameson,2024-01-18,Intermittent Mean,68.23246418338108
Brown's Bar,Jameson,2024-01-19,Intermittent Mean,68.23246418338108
Brown's Bar,Jameson,2024-01-20,Intermittent Mean,68.23246418338108
Brown's Bar,Jameson,2024-01-21,Intermittent Mean,68.23246418338108
Brown's Bar,Jameson,2024-01-22,Intermittent Mean,68.23246418338108
Brown's Bar,Jim Beam,2023-12-31,MA-7,98.90428571428572
Brown's Bar,Jim Beam,2024-01-01,MA-7,98.90428571428572
Brown's Bar,Jim Beam,2024-01-02,MA-7,98.90428571428572
Brown's Bar,Jim Beam,2024-01-03,MA-7,98.90428571428572
Brown's Bar,Jim Beam,2024-01-04,MA-7,98.90428571428572
Brown's Bar,Jim Beam,2024-01-05,MA-7,98.90428571428572
Brown's Bar,Jim Beam,2024-01-06,MA-7,98.90428571428572
Brown's Bar,Jim Beam,2024-01-07,MA-7,98.90428571428572
Brown's Bar,Jim Beam,2024-01-08,MA-7,98.90428571428572
Brown's Bar,Jim Beam,2024-01-09,MA-7,98.90428571428572
Brown's Bar,Jim Beam,2024-01-10,MA-7,98.90428571428572
Brown's Bar,Jim Beam,2024-01-11,MA-7,98.90428571428572
Brown's Bar,Jim Beam,2024-01-12,MA-7,98.90428571428572
Brown's Bar,Jim Beam,2024-01-13,MA-7,98.90428571428572
Brown's Bar,Jim Beam,2024-01-14,MA-7,98.90428571428572
Brown's Bar,Jim Beam,2024-01-15,MA-7,98.90428571428572
Brown's Bar,Jim Beam,2024-01-16,MA-7,98.90428571428572
Brown's Bar,Jim Beam,2024-01-17,MA-7,98.90428571428572
Brown's Bar,Jim Beam,2024-01-18,MA-7,98.90428571428572
Brown's Bar,Jim Beam,2024-01-19,MA-7,98.90428571428572
Brown's Bar,Jim Beam,2024-01-20,MA-7,98.90428571428572
Brown's Bar,Jim Beam,2024-01-21,MA-7,98.90428571428572
Brown's Bar,Jim Beam,2024-01-22,MA-7,98.90428571428572
Brown's Bar,Jim Beam,2024-01-23,MA-7,98.90428571428572
Brown's Bar,Jim Beam,2024-01-24,MA-7,98.90428571428572
Brown's Bar,Jim Beam,2024-01-25,MA-7,98.90428571428572
Brown's Bar,Jim Beam,2024-01-26,MA-7,98.90428571428572
Brown's Bar,Jim Beam,2024-01-27,MA-7,98.90428571428572
Brown's Bar,Jim Beam,2024-01-28,MA-7,98.90428571428572
Brown's Bar,Jim Beam,2024-01-29,MA-7,98.90428571428572
Brown's Bar,Malibu,2024-01-02,MA-30,126.47733333333332
Brown's Bar,Malibu,2024-01-03,MA-30,126.47733333333332
Brown's Bar,Malibu,2024-01-04,MA-30,126.47733333333332
Brown's Bar,Malibu,2024-01-05,MA-30,126.47733333333332
Brown's Bar,Malibu,2024-01-06,MA-30,126.47733333333332
Brown's Bar,Malibu,2024-01-07,MA-30,126.47733333333332
Brown's Bar,Malibu,2024-01-08,MA-30,126.47733333333332
Brown's Bar,Malibu,2024-01-09,MA-30,126.47733333333332
Brown's Bar,Malibu,2024-01-10,MA-30,126.47733333333332
Brown's Bar,Malibu,2024-01-11,MA-30,126.47733333333332
Brown's Bar,Malibu,2024-01-12,MA-30,126.47733333333332
Brown's Bar,Malibu,2024-01-13,MA-30,126.47733333333332
Brown's Bar,Malibu,2024-01-14,MA-30,126.47733333333332
Brown's Bar,Malibu,2024-01-15,MA-30,126.47733333333332
Brown's Bar,Malibu,2024-01-16,MA-30,126.47733333333332
Brown's Bar,Malibu,2024-01-17,MA-30,126.47733333333332
Brown's Bar,Malibu,2024-01-18,MA-30,126.47733333333332
Brown's Bar,Malibu,2024-01-19,MA-30,126.47733333333332
Brown's Bar,Malibu,2024-01-20,MA-30,126.47733333333332
Brown's Bar,Malibu,2024-01-21,MA-30,126.47733333333332
Brown's Bar,Malibu,2024-01-22,MA-30,126.47733333333332
Brown's Bar,Malibu,2024-01-23,MA-30,126.47733333333332
Brown's Bar,Malibu,2024-01-24,MA-30,126.47733333333332
Brown's Bar,Malibu,2024-01-25,MA-30,126.47733333333332
Brown's Bar,Malibu,2024-01-26,MA-30,126.47733333333332
Brown's Bar,Malibu,2024-01-27,MA-30,126.47733333333332
Brown's Bar,Malibu,2024-01-28,MA-30,126.47733333333332
Brown's Bar,Malibu,2024-01-29,MA-30,126.47733333333332
Brown's Bar,Malibu,2024-01-30,MA-30,126.47733333333332
Brown's Bar,Malibu,2024-01-31,MA-30,126.47733333333332
Brown's Bar,Miller,2023-12-12,MA-7,19.43285714285714
Brown's Bar,Miller,2023-12-13,MA-7,19.43285714285714
Brown's Bar,Miller,2023-12-14,MA-7,19.43285714285714
Brown's Bar,Miller,2023-12-15,MA-7,19.43285714285714
Brown's Bar,Miller,2023-12-16,MA-7,19.43285714285714
Brown's Bar,Miller,2023-12-17,MA-7,19.43285714285714
Brown's Bar,Miller,2023-12-18,MA-7,19.43285714285714
Brown's Bar,Miller,2023-12-19,MA-7,19.43285714285714
Brown's Bar,Miller,2023-12-20,MA-7,19.43285714285714
Brown's Bar,Miller,2023-12-21,MA-7,19.43285714285714
Brown's Bar,Miller,2023-12-22,MA-7,19.43285714285714
Brown's Bar,Miller,2023-12-23,MA-7,19.43285714285714
Brown's Bar,Miller,2023-12-24,MA-7,19.43285714285714
Brown's Bar,Miller,2023-12-25,MA-7,19.43285714285714
Brown's Bar,Miller,2023-12-26,MA-7,19.43285714285714
Brown's Bar,Miller,2023-12-27,MA-7,19.43285714285714
Brown's Bar,Miller,2023-12-28,MA-7,19.43285714285714
Brown's Bar,Miller,2023-12-29,MA-7,19.43285714285714
Brown's Bar,Miller,2023-12-30,MA-7,19.43285714285714
Brown's Bar,Miller,2023-12-31,MA-7,19.43285714285714
Brown's Bar,Miller,2024-01-01,MA-7,19.43285714285714
Brown's Bar,Miller,2024-01-02,MA-7,19.43285714285714
Brown's Bar,Miller,2024-01-03,MA-7,19.43285714285714
Brown's Bar,Miller,2024-01-04,MA-7,19.43285714285714
Brown's Bar,Miller,2024-01-05,MA-7,19.43285714285714
Brown's Bar,Miller,2024-01-06,MA-7,19.43285714285714
Brown's Bar,Miller,2024-01-07,MA-7,19.43285714285714
Brown's Bar,Miller,2024-01-08,MA-7,19.43285714285714
Brown's Bar,Miller,2024-01-09,MA-7,19.43285714285714
Brown's Bar,Miller,2024-01-10,MA-7,19.43285714285714
Brown's Bar,Smirnoff,2024-01-02,MA-7,114.73285714285714
Brown's Bar,Smirnoff,2024-01-03,MA-7,114.73285714285714
Brown's Bar,Smirnoff,2024-01-04,MA-7,114.73285714285714
Brown's Bar,Smirnoff,2024-01-05,MA-7,114.73285714285714
Brown's Bar,Smirnoff,2024-01-06,MA-7,114.73285714285714
Brown's Bar,Smirnoff,2024-01-07,MA-7,114.73285714285714
Brown's Bar,Smirnoff,2024-01-08,MA-7,114.73285714285714
Brown's Bar,Smirnoff,2024-01-09,MA-7,114.73285714285714
Brown's Bar,Smirnoff,2024-01-10,MA-7,114.73285714285714
Brown's Bar,Smirnoff,2024-01-11,MA-7,114.73285714285714
Brown's Bar,Smirnoff,2024-01-12,MA-7,114.73285714285714
Brown's Bar,Smirnoff,2024-01-13,MA-7,114.73285714285714
Brown's Bar,Smirnoff,2024-01-14,MA-7,114.73285714285714
Brown's Bar,Smirnoff,2024-01-15,MA-7,114.73285714285714
Brown's Bar,Smirnoff,2024-01-16,MA-7,114.73285714285714
Brown's Bar,Smirnoff,2024-01-17,MA-7,114.73285714285714
Brown's Bar,Smirnoff,2024-01-18,MA-7,114.73285714285714
Brown's Bar,Smirnoff,2024-01-19,MA-7,114.73285714285714
Brown's Bar,Smirnoff,2024-01-20,MA-7,114.73285714285714
Brown's Bar,Smirnoff,2024-01-21,MA-7,114.73285714285714
Brown's Bar,Smirnoff,2024-01-22,MA-7,114.73285714285714
Brown's Bar,Smirnoff,2024-01-23,MA-7,114.73285714285714
Brown's Bar,Smirnoff,2024-01-24,MA-7,114.73285714285714
Brown's Bar,Smirnoff,2024-01-25,MA-7,114.73285714285714
Brown's Bar,Smirnoff,2024-01-26,MA-7,114.73285714285714
Brown's Bar,Smirnoff,2024-01-27,MA-7,114.73285714285714
Brown's Bar,Smirnoff,2024-01-28,MA-7,114.73285714285714
Brown's Bar,Smirnoff,2024-01-29,MA-7,114.73285714285714
Brown's Bar,Smirnoff,2024-01-30,MA-7,114.73285714285714
Brown's Bar,Smirnoff,2024-01-31,MA-7,114.73285714285714
Brown's Bar,Sutter Home,2023-12-16,Intermittent Mean,59.466628242074925
Brown's Bar,Sutter Home,2023-12-17,Intermittent Mean,59.466628242074925
Brown's Bar,Sutter Home,2023-12-18,Intermittent Mean,59.466628242074925
Brown's Bar,Sutter Home,2023-12-19,Intermittent Mean,59.466628242074925
Brown's Bar,Sutter Home,2023-12-20,Intermittent Mean,59.466628242074925
Brown's Bar,Sutter Home,2023-12-21,Intermittent Mean,59.466628242074925
Brown's Bar,Sutter Home,2023-12-22,Intermittent Mean,59.466628242074925
Brown's Bar,Sutter Home,2023-12-23,Intermittent Mean,59.466628242074925
Brown's Bar,Sutter Home,2023-12-24,Intermittent Mean,59.466628242074925
Brown's Bar,Sutter Home,2023-12-25,Intermittent Mean,59.466628242074925
Brown's Bar,Sutter Home,2023-12-26,Intermittent Mean,59.466628242074925
Brown's Bar,Sutter Home,2023-12-27,Intermittent Mean,59.466628242074925
Brown's Bar,Sutter Home,2023-12-28,Intermittent Mean,59.466628242074925
Brown's Bar,Sutter Home,2023-12-29,Intermittent Mean,59.466628242074925
Brown's Bar,Sutter Home,2023-12-30,Intermittent Mean,59.466628242074925
Brown's Bar,Sutter Home,2023-12-31,Intermittent Mean,59.466628242074925
Brown's Bar,Sutter Home,2024-01-01,Intermittent Mean,59.466628242074925
Brown's Bar,Sutter Home,2024-01-02,Intermittent Mean,59.466628242074925
Brown's Bar,Sutter Home,2024-01-03,Intermittent Mean,59.466628242074925
Brown's Bar,Sutter Home,2024-01-04,Intermittent Mean,59.466628242074925
Brown's Bar,Sutter Home,2024-01-05,Intermittent Mean,59.466628242074925
Brown's Bar,Sutter Home,2024-01-06,Intermittent Mean,59.466628242074925
Brown's Bar,Sutter Home,2024-01-07,Intermittent Mean,59.466628242074925
Brown's Bar,Sutter Home,2024-01-08,Intermittent Mean,59.466628242074925
Brown's Bar,Sutter Home,2024-01-09,Intermittent Mean,59.466628242074925
Brown's Bar,Sutter Home,2024-01-10,Intermittent Mean,59.466628242074925
Brown's Bar,Sutter Home,2024-01-11,Intermittent Mean,59.466628242074925
Brown's Bar,Sutter Home,2024-01-12,Intermittent Mean,59.466628242074925
Brown's Bar,Sutter Home,2024-01-13,Intermittent Mean,59.466628242074925
Brown's Bar,Sutter Home,2024-01-14,Intermittent Mean,59.466628242074925
Brown's Bar,Yellow Tail,2023-12-31,Intermittent Mean,81.51137741046834
Brown's Bar,Yellow Tail,2024-01-01,Intermittent Mean,81.51137741046834
Brown's Bar,Yellow Tail,2024-01-02,Intermittent Mean,81.51137741046834
Brown's Bar,Yellow Tail,2024-01-03,Intermittent Mean,81.51137741046834
Brown's Bar,Yellow Tail,2024-01-04,Intermittent Mean,81.51137741046834
Brown's Bar,Yellow Tail,2024-01-05,Intermittent Mean,81.51137741046834
Brown's Bar,Yellow Tail,2024-01-06,Intermittent Mean,81.51137741046834
Brown's Bar,Yellow Tail,2024-01-07,Intermittent Mean,81.51137741046834
Brown's Bar,Yellow Tail,2024-01-08,Intermittent Mean,81.51137741046834
Brown's Bar,Yellow Tail,2024-01-09,Intermittent Mean,81.51137741046834
Brown's Bar,Yellow Tail,2024-01-10,Intermittent Mean,81.51137741046834
Brown's Bar,Yellow Tail,2024-01-11,Intermittent Mean,81.51137741046834
Brown's Bar,Yellow Tail,2024-01-12,Intermittent Mean,81.51137741046834
Brown's Bar,Yellow Tail,2024-01-13,Intermittent Mean,81.51137741046834
Brown's Bar,Yellow Tail,2024-01-14,Intermittent Mean,81.51137741046834
Brown's Bar,Yellow Tail,2024-01-15,Intermittent Mean,81.51137741046834
Brown's Bar,Yellow Tail,2024-01-16,Intermittent Mean,81.51137741046834
Brown's Bar,Yellow Tail,2024-01-17,Intermittent Mean,81.51137741046834
Brown's Bar,Yellow Tail,2024-01-18,Intermittent Mean,81.51137741046834
Brown's Bar,Yellow Tail,2024-01-19,Intermittent Mean,81.51137741046834
Brown's Bar,Yellow Tail,2024-01-20,Intermittent Mean,81.51137741046834
Brown's Bar,Yellow Tail,2024-01-21,Intermittent Mean,81.51137741046834
Brown's Bar,Yellow Tail,2024-01-22,Intermittent Mean,81.51137741046834
Brown's Bar,Yellow Tail,2024-01-23,Intermittent Mean,81.51137741046834
Brown's Bar,Yellow Tail,2024-01-24,Intermittent Mean,81.51137741046834
Brown's Bar,Yellow Tail,2024-01-25,Intermittent Mean,81.51137741046834
Brown's Bar,Yellow Tail,2024-01-26,Intermittent Mean,81.51137741046834
Brown's Bar,Yellow Tail,2024-01-27,Intermittent Mean,81.51137741046834
Brown's Bar,Yellow Tail,2024-01-28,Intermittent Mean,81.51137741046834
Brown's Bar,Yellow Tail,2024-01-29,Intermittent Mean,81.51137741046834
Johnson's Bar,Absolut,2023-12-16,Intermittent Mean,76.22897660818711
Johnson's Bar,Absolut,2023-12-17,Intermittent Mean,76.22897660818711
Johnson's Bar,Absolut,2023-12-18,Intermittent Mean,76.22897660818711
Johnson's Bar,Absolut,2023-12-19,Intermittent Mean,76.22897660818711
Johnson's Bar,Absolut,2023-12-20,Intermittent Mean,76.22897660818711
Johnson's Bar,Absolut,2023-12-21,Intermittent Mean,76.22897660818711
Johnson's Bar,Absolut,2023-12-22,Intermittent Mean,76.22897660818711
Johnson's Bar,Absolut,2023-12-23,Intermittent Mean,76.22897660818711
Johnson's Bar,Absolut,2023-12-24,Intermittent Mean,76.22897660818711
Johnson's Bar,Absolut,2023-12-25,Intermittent Mean,76.22897660818711
Johnson's Bar,Absolut,2023-12-26,Intermittent Mean,76.22897660818711
Johnson's Bar,Absolut,2023-12-27,Intermittent Mean,76.22897660818711
Johnson's Bar,Absolut,2023-12-28,Intermittent Mean,76.22897660818711
Johnson's Bar,Absolut,2023-12-29,Intermittent Mean,76.22897660818711
Johnson's Bar,Absolut,2023-12-30,Intermittent Mean,76.22897660818711
Johnson's Bar,Absolut,2023-12-31,Intermittent Mean,76.22897660818711
Johnson's Bar,Absolut,2024-01-01,Intermittent Mean,76.22897660818711
Johnson's Bar,Absolut,2024-01-02,Intermittent Mean,76.22897660818711
Johnson's Bar,Absolut,2024-01-03,Intermittent Mean,76.22897660818711
Johnson's Bar,Absolut,2024-01-04,Intermittent Mean,76.22897660818711
Johnson's Bar,Absolut,2024-01-05,Intermittent Mean,76.22897660818711
Johnson's Bar,Absolut,2024-01-06,Intermittent Mean,76.22897660818711
Johnson's Bar,Absolut,2024-01-07,Intermittent Mean,76.22897660818711
Johnson's Bar,Absolut,2024-01-08,Intermittent Mean,76.22897660818711
Johnson's Bar,Absolut,2024-01-09,Intermittent Mean,76.22897660818711
Johnson's Bar,Absolut,2024-01-10,Intermittent Mean,76.22897660818711
Johnson's Bar,Absolut,2024-01-11,Intermittent Mean,76.22897660818711
Johnson's Bar,Absolut,2024-01-12,Intermittent Mean,76.22897660818711
Johnson's Bar,Absolut,2024-01-13,Intermittent Mean,76.22897660818711
Johnson's Bar,Absolut,2024-01-14,Intermittent Mean,76.22897660818711
Johnson's Bar,Bacardi,2023-12-28,SBA,53.62852563438777
Johnson's Bar,Bacardi,2023-12-29,SBA,53.62852563438777
Johnson's Bar,Bacardi,2023-12-30,SBA,53.62852563438777
Johnson's Bar,Bacardi,2023-12-31,SBA,53.62852563438777
Johnson's Bar,Bacardi,2024-01-01,SBA,53.62852563438777
Johnson's Bar,Bacardi,2024-01-02,SBA,53.62852563438777
Johnson's Bar,Bacardi,2024-01-03,SBA,53.62852563438777
Johnson's Bar,Bacardi,2024-01-04,SBA,53.62852563438777
Johnson's Bar,Bacardi,2024-01-05,SBA,53.62852563438777
Johnson's Bar,Bacardi,2024-01-06,SBA,53.62852563438777
Johnson's Bar,Bacardi,2024-01-07,SBA,53.62852563438777
Johnson's Bar,Bacardi,2024-01-08,SBA,53.62852563438777
Johnson's Bar,Bacardi,2024-01-09,SBA,53.62852563438777
Johnson's Bar,Bacardi,2024-01-10,SBA,53.62852563438777
Johnson's Bar,Bacardi,2024-01-11,SBA,53.62852563438777
Johnson's Bar,Bacardi,2024-01-12,SBA,53.62852563438777
Johnson's Bar,Bacardi,2024-01-13,SBA,53.62852563438777
Johnson's Bar,Bacardi,2024-01-14,SBA,53.62852563438777
Johnson's Bar,Bacardi,2024-01-15,SBA,53.62852563438777
Johnson's Bar,Bacardi,2024-01-16,SBA,53.62852563438777
Johnson's Bar,Bacardi,2024-01-17,SBA,53.62852563438777
Johnson's Bar,Bacardi,2024-01-18,SBA,53.62852563438777
Johnson's Bar,Bacardi,2024-01-19,SBA,53.62852563438777
Johnson's Bar,Bacardi,2024-01-20,SBA,53.62852563438777
Johnson's Bar,Bacardi,2024-01-21,SBA,53.62852563438777
Johnson's Bar,Bacardi,2024-01-22,SBA,53.62852563438777
Johnson's Bar,Bacardi,2024-01-23,SBA,53.62852563438777
Johnson's Bar,Bacardi,2024-01-24,SBA,53.62852563438777
Johnson's Bar,Bacardi,2024-01-25,SBA,53.62852563438777
Johnson's Bar,Bacardi,2024-01-26,SBA,53.62852563438777
Johnson's Bar,Barefoot,2023-12-24,MA-7,96.62857142857142
Johnson's Bar,Barefoot,2023-12-25,MA-7,96.62857142857142
Johnson's Bar,Barefoot,2023-12-26,MA-7,96.62857142857142
Johnson's Bar,Barefoot,2023-12-27,MA-7,96.62857142857142
Johnson's Bar,Barefoot,2023-12-28,MA-7,96.62857142857142
Johnson's Bar,Barefoot,2023-12-29,MA-7,96.62857142857142
Johnson's Bar,Barefoot,2023-12-30,MA-7,96.62857142857142
Johnson's Bar,Barefoot,2023-12-31,MA-7,96.62857142857142
Johnson's Bar,Barefoot,2024-01-01,MA-7,96.62857142857142
Johnson's Bar,Barefoot,2024-01-02,MA-7,96.62857142857142
Johnson's Bar,Barefoot,2024-01-03,MA-7,96.62857142857142
Johnson's Bar,Barefoot,2024-01-04,MA-7,96.62857142857142
Johnson's Bar,Barefoot,2024-01-05,MA-7,96.62857142857142
Johnson's Bar,Barefoot,2024-01-06,MA-7,96.62857142857142
Johnson's Bar,Barefoot,2024-01-07,MA-7,96.62857142857142
Johnson's Bar,Barefoot,2024-01-08,MA-7,96.62857142857142
Johnson's Bar,Barefoot,2024-01-09,MA-7,96.62857142857142
Johnson's Bar,Barefoot,2024-01-10,MA-7,96.62857142857142
Johnson's Bar,Barefoot,2024-01-11,MA-7,96.62857142857142
Johnson's Bar,Barefoot,2024-01-12,MA-7,96.62857142857142
Johnson's Bar,Barefoot,2024-01-13,MA-7,96.62857142857142
Johnson's Bar,Barefoot,2024-01-14,MA-7,96.62857142857142
Johnson's Bar,Barefoot,2024-01-15,MA-7,96.62857142857142
Johnson's Bar,Barefoot,2024-01-16,MA-7,96.62857142857142
Johnson's Bar,Barefoot,2024-01-17,MA-7,96.62857142857142
Johnson's Bar,Barefoot,2024-01-18,MA-7,96.62857142857142
Johnson's Bar,Barefoot,2024-01-19,MA-7,96.62857142857142
Johnson's Bar,Barefoot,2024-01-20,MA-7,96.62857142857142
Johnson's Bar,Barefoot,2024-01-21,MA-7,96.62857142857142
Johnson's Bar,Barefoot,2024-01-22,MA-7,96.62857142857142
Johnson's Bar,Budweiser,2023-12-31,MA-7,98.91857142857144
Johnson's Bar,Budweiser,2024-01-01,MA-7,98.91857142857144
Johnson's Bar,Budweiser,2024-01-02,MA-7,98.91857142857144
Johnson's Bar,Budweiser,2024-01-03,MA-7,98.91857142857144
Johnson's Bar,Budweiser,2024-01-04,MA-7,98.91857142857144
Johnson's Bar,Budweiser,2024-01-05,MA-7,98.91857142857144
Johnson's Bar,Budweiser,2024-01-06,MA-7,98.91857142857144
Johnson's Bar,Budweiser,2024-01-07,MA-7,98.91857142857144
Johnson's Bar,Budweiser,2024-01-08,MA-7,98.91857142857144
Johnson's Bar,Budweiser,2024-01-09,MA-7,98.91857142857144
Johnson's Bar,Budweiser,2024-01-10,MA-7,98.91857142857144
Johnson's Bar,Budweiser,2024-01-11,MA-7,98.91857142857144
Johnson's Bar,Budweiser,2024-01-12,MA-7,98.91857142857144
Johnson's Bar,Budweiser,2024-01-13,MA-7,98.91857142857144
Johnson's Bar,Budweiser,2024-01-14,MA-7,98.91857142857144
Johnson's Bar,Budweiser,2024-01-15,MA-7,98.91857142857144
Johnson's Bar,Budweiser,2024-01-16,MA-7,98.91857142857144
Johnson's Bar,Budweiser,2024-01-17,MA-7,98.91857142857144
Johnson's Bar,Budweiser,2024-01-18,MA-7,98.91857142857144
Johnson's Bar,Budweiser,2024-01-19,MA-7,98.91857142857144
Johnson's Bar,Budweiser,2024-01-20,MA-7,98.91857142857144
Johnson's Bar,Budweiser,2024-01-21,MA-7,98.91857142857144
Johnson's Bar,Budweiser,2024-01-22,MA-7,98.91857142857144
Johnson's Bar,Budweiser,2024-01-23,MA-7,98.91857142857144
Johnson's Bar,Budweiser,2024-01-24,MA-7,98.91857142857144
Johnson's Bar,Budweiser,2024-01-25,MA-7,98.91857142857144
Johnson's Bar,Budweiser,2024-01-26,MA-7,98.91857142857144
Johnson's Bar,Budweiser,2024-01-27,MA-7,98.91857142857144
Johnson's Bar,Budweiser,2024-01-28,MA-7,98.91857142857144
Johnson's Bar,Budweiser,2024-01-29,MA-7,98.91857142857144
Johnson's Bar,Captain Morgan,2024-01-01,SBA,65.70119833279986
Johnson's Bar,Captain Morgan,2024-01-02,SBA,65.70119833279986
Johnson's Bar,Captain Morgan,2024-01-03,SBA,65.70119833279986
Johnson's Bar,Captain Morgan,2024-01-04,SBA,65.70119833279986
Johnson's Bar,Captain Morgan,2024-01-05,SBA,65.70119833279986
Johnson's Bar,Captain Morgan,2024-01-06,SBA,65.70119833279986
Johnson's Bar,Captain Morgan,2024-01-07,SBA,65.70119833279986
Johnson's Bar,Captain Morgan,2024-01-08,SBA,65.70119833279986
Johnson's Bar,Captain Morgan,2024-01-09,SBA,65.70119833279986
Johnson's Bar,Captain Morgan,2024-01-10,SBA,65.70119833279986
Johnson's Bar,Captain Morgan,2024-01-11,SBA,65.70119833279986
Johnson's Bar,Captain Morgan,2024-01-12,SBA,65.70119833279986
Johnson's Bar,Captain Morgan,2024-01-13,SBA,65.70119833279986
Johnson's Bar,Captain Morgan,2024-01-14,SBA,65.70119833279986
Johnson's Bar,Captain Morgan,2024-01-15,SBA,65.70119833279986
Johnson's Bar,Captain Morgan,2024-01-16,SBA,65.70119833279986
Johnson's Bar,Captain Morgan,2024-01-17,SBA,65.70119833279986
Johnson's Bar,Captain Morgan,2024-01-18,SBA,65.70119833279986
Johnson's Bar,Captain Morgan,2024-01-19,SBA,65.70119833279986
Johnson's Bar,Captain Morgan,2024-01-20,SBA,65.70119833279986
Johnson's Bar,Captain Morgan,2024-01-21,SBA,65.70119833279986
Johnson's Bar,Captain Morgan,2024-01-22,SBA,65.70119833279986
Johnson's Bar,Captain Morgan,2024-01-23,SBA,65.70119833279986
Johnson's Bar,Captain Morgan,2024-01-24,SBA,65.70119833279986
Johnson's Bar,Captain Morgan,2024-01-25,SBA,65.70119833279986
Johnson's Bar,Captain Morgan,2024-01-26,SBA,65.70119833279986
Johnson's Bar,Captain Morgan,2024-01-27,SBA,65.70119833279986
Johnson's Bar,Captain Morgan,2024-01-28,SBA,65.70119833279986
Johnson's Bar,Captain Morgan,2024-01-29,SBA,65.70119833279986
Johnson's Bar,Captain Morgan,2024-01-30,SBA,65.70119833279986
Johnson's Bar,Coors,2024-01-02,MA-14,70.87142857142858
Johnson's Bar,Coors,2024-01-03,MA-14,70.87142857142858
Johnson's Bar,Coors,2024-01-04,MA-14,70.87142857142858
Johnson's Bar,Coors,2024-01-05,MA-14,70.87142857142858
Johnson's Bar,Coors,2024-01-06,MA-14,70.87142857142858
Johnson's Bar,Coors,2024-01-07,MA-14,70.87142857142858
Johnson's Bar,Coors,2024-01-08,MA-14,70.87142857142858
Johnson's Bar,Coors,2024-01-09,MA-14,70.87142857142858
Johnson's Bar,Coors,2024-01-10,MA-14,70.87142857142858
Johnson's Bar,Coors,2024-01-11,MA-14,70.87142857142858
Johnson's Bar,Coors,2024-01-12,MA-14,70.87142857142858
Johnson's Bar,Coors,2024-01-13,MA-14,70.87142857142858
Johnson's Bar,Coors,2024-01-14,MA-14,70.87142857142858
Johnson's Bar,Coors,2024-01-15,MA-14,70.87142857142858
Johnson's Bar,Coors,2024-01-16,MA-14,70.87142857142858
Johnson's Bar,Coors,2024-01-17,MA-14,70.87142857142858
Johnson's Bar,Coors,2024-01-18,MA-14,70.87142857142858
Johnson's Bar,Coors,2024-01-19,MA-14,70.87142857142858
Johnson's Bar,Coors,2024-01-20,MA-14,70.87142857142858
Johnson's Bar,Coors,2024-01-21,MA-14,70.87142857142858
Johnson's Bar,Coors,2024-01-22,MA-14,70.87142857142858
Johnson's Bar,Coors,2024-01-23,MA-14,70.87142857142858
Johnson's Bar,Coors,2024-01-24,MA-14,70.87142857142858
Johnson's Bar,Coors,2024-01-25,MA-14,70.87142857142858
Johnson's Bar,Coors,2024-01-26,MA-14,70.87142857142858
Johnson's Bar,Coors,2024-01-27,MA-14,70.87142857142858
Johnson's Bar,Coors,2024-01-28,MA-14,70.87142857142858
Johnson's Bar,Coors,2024-01-29,MA-14,70.87142857142858
Johnson's Bar,Coors,2024-01-30,MA-14,70.87142857142858
Johnson's Bar,Coors,2024-01-31,MA-14,70.87142857142858
Johnson's Bar,Grey Goose,2024-01-02,MA-30,94.46766666666667
Johnson's Bar,Grey Goose,2024-01-03,MA-30,94.46766666666667
Johnson's Bar,Grey Goose,2024-01-04,MA-30,94.46766666666667
Johnson's Bar,Grey Goose,2024-01-05,MA-30,94.46766666666667
Johnson's Bar,Grey Goose,2024-01-06,MA-30,94.46766666666667
Johnson's Bar,Grey Goose,2024-01-07,MA-30,94.46766666666667
Johnson's Bar,Grey Goose,2024-01-08,MA-30,94.46766666666667
Johnson's Bar,Grey Goose,2024-01-09,MA-30,94.46766666666667
Johnson's Bar,Grey Goose,2024-01-10,MA-30,94.46766666666667
Johnson's Bar,Grey Goose,2024-01-11,MA-30,94.46766666666667
Johnson's Bar,Grey Goose,2024-01-12,MA-30,94.46766666666667
Johnson's Bar,Grey Goose,2024-01-13,MA-30,94.46766666666667
Johnson's Bar,Grey Goose,2024-01-14,MA-30,94.46766666666667
Johnson's Bar,Grey Goose,2024-01-15,MA-30,94.46766666666667
Johnson's Bar,Grey Goose,2024-01-16,MA-30,94.46766666666667
Johnson's Bar,Grey Goose,2024-01-17,MA-30,94.46766666666667
Johnson's Bar,Grey Goose,2024-01-18,MA-30,94.46766666666667
Johnson's Bar,Grey Goose,2024-01-19,MA-30,94.46766666666667
Johnson's Bar,Grey Goose,2024-01-20,MA-30,94.46766666666667
Johnson's Bar,Grey Goose,2024-01-21,MA-30,94.46766666666667
Johnson's Bar,Grey Goose,2024-01-22,MA-30,94.46766666666667
Johnson's Bar,Grey Goose,2024-01-23,MA-30,94.46766666666667
Johnson's Bar,Grey Goose,2024-01-24,MA-30,94.46766666666667
Johnson's Bar,Grey Goose,2024-01-25,MA-30,94.46766666666667
Johnson's Bar,Grey Goose,2024-01-26,MA-30,94.46766666666667
Johnson's Bar,Grey Goose,2024-01-27,MA-30,94.46766666666667
Johnson's Bar,Grey Goose,2024-01-28,MA-30,94.46766666666667
Johnson's Bar,Grey Goose,2024-01-29,MA-30,94.46766666666667
Johnson's Bar,Grey Goose,2024-01-30,MA-30,94.46766666666667
Johnson's Bar,Grey Goose,2024-01-31,MA-30,94.46766666666667
Johnson's Bar,Heineken,2023-12-30,MA-7,145.68428571428572
Johnson's Bar,Heineken,2023-12-31,MA-7,145.68428571428572
Johnson's Bar,Heineken,2024-01-01,MA-7,145.68428571428572
Johnson's Bar,Heineken,2024-01-02,MA-7,145.68428571428572
Johnson's Bar,Heineken,2024-01-03,MA-7,145.68428571428572
Johnson's Bar,Heineken,2024-01-04,MA-7,145.68428571428572
Johnson's Bar,Heineken,2024-01-05,MA-7,145.68428571428572
Johnson's Bar,Heineken,2024-01-06,MA-7,145.68428571428572
Johnson's Bar,Heineken,2024-01-07,MA-7,145.68428571428572
Johnson's Bar,Heineken,2024-01-08,MA-7,145.68428571428572
Johnson's Bar,Heineken,2024-01-09,MA-7,145.68428571428572
Johnson's Bar,Heineken,2024-01-10,MA-7,145.68428571428572
Johnson's Bar,Heineken,2024-01-11,MA-7,145.68428571428572
Johnson's Bar,Heineken,2024-01-12,MA-7,145.68428571428572
Johnson's Bar,Heineken,2024-01-13,MA-7,145.68428571428572
Johnson's Bar,Heineken,2024-01-14,MA-7,145.68428571428572
Johnson's Bar,Heineken,2024-01-15,MA-7,145.68428571428572
Johnson's Bar,Heineken,2024-01-16,MA-7,145.68428571428572
Johnson's Bar,Heineken,2024-01-17,MA-7,145.68428571428572
Johnson's Bar,Heineken,2024-01-18,MA-7,145.68428571428572
Johnson's Bar,Heineken,2024-01-19,MA-7,145.68428571428572
Johnson's Bar,Heineken,2024-01-20,MA-7,145.68428571428572
Johnson's Bar,Heineken,2024-01-21,MA-7,145.68428571428572
Johnson's Bar,Heineken,2024-01-22,MA-7,145.68428571428572
Johnson's Bar,Heineken,2024-01-23,MA-7,145.68428571428572
Johnson's Bar,Heineken,2024-01-24,MA-7,145.68428571428572
Johnson's Bar,Heineken,2024-01-25,MA-7,145.68428571428572
Johnson's Bar,Heineken,2024-01-26,MA-7,145.68428571428572
Johnson's Bar,Heineken,2024-01-27,MA-7,145.68428571428572
Johnson's Bar,Heineken,2024-01-28,MA-7,145.68428571428572
Johnson's Bar,Jack Daniels,2023-12-30,SBA,50.93252530935402
Johnson's Bar,Jack Daniels,2023-12-31,SBA,50.93252530935402
Johnson's Bar,Jack Daniels,2024-01-01,SBA,50.93252530935402
Johnson's Bar,Jack Daniels,2024-01-02,SBA,50.93252530935402
Johnson's Bar,Jack Daniels,2024-01-03,SBA,50.93252530935402
Johnson's Bar,Jack Daniels,2024-01-04,SBA,50.93252530935402
Johnson's Bar,Jack Daniels,2024-01-05,SBA,50.93252530935402
Johnson's Bar,Jack Daniels,2024-01-06,SBA,50.93252530935402
Johnson's Bar,Jack Daniels,2024-01-07,SBA,50.93252530935402
Johnson's Bar,Jack Daniels,2024-01-08,SBA,50.93252530935402
Johnson's Bar,Jack Daniels,2024-01-09,SBA,50.93252530935402
Johnson's Bar,Jack Daniels,2024-01-10,SBA,50.93252530935402
Johnson's Bar,Jack Daniels,2024-01-11,SBA,50.93252530935402
Johnson's Bar,Jack Daniels,2024-01-12,SBA,50.93252530935402
Johnson's Bar,Jack Daniels,2024-01-13,SBA,50.93252530935402
Johnson's Bar,Jack Daniels,2024-01-14,SBA,50.93252530935402
Johnson's Bar,Jack Daniels,2024-01-15,SBA,50.93252530935402
Johnson's Bar,Jack Daniels,2024-01-16,SBA,50.93252530935402
Johnson's Bar,Jack Daniels,2024-01-17,SBA,50.93252530935402
Johnson's Bar,Jack Daniels,2024-01-18,SBA,50.93252530935402
Johnson's Bar,Jack Daniels,2024-01-19,SBA,50.93252530935402
Johnson's Bar,Jack Daniels,2024-01-20,SBA,50.93252530935402
Johnson's Bar,Jack Daniels,2024-01-21,SBA,50.93252530935402
Johnson's Bar,Jack Daniels,2024-01-22,SBA,50.93252530935402
Johnson's Bar,Jack Daniels,2024-01-23,SBA,50.93252530935402
Johnson's Bar,Jack Daniels,2024-01-24,SBA,50.93252530935402
Johnson's Bar,Jack Daniels,2024-01-25,SBA,50.93252530935402
Johnson's Bar,Jack Daniels,2024-01-26,SBA,50.93252530935402
Johnson's Bar,Jack Daniels,2024-01-27,SBA,50.93252530935402
Johnson's Bar,Jack Daniels,2024-01-28,SBA,50.93252530935402
Johnson's Bar,Jameson,2023-12-28,MA-30,48.28633333333333
Johnson's Bar,Jameson,2023-12-29,MA-30,48.28633333333333
Johnson's Bar,Jameson,2023-12-30,MA-30,48.28633333333333
Johnson's Bar,Jameson,2023-12-31,MA-30,48.28633333333333
Johnson's Bar,Jameson,2024-01-01,MA-30,48.28633333333333
Johnson's Bar,Jameson,2024-01-02,MA-30,48.28633333333333
Johnson's Bar,Jameson,2024-01-03,MA-30,48.28633333333333
Johnson's Bar,Jameson,2024-01-04,MA-30,48.28633333333333
Johnson's Bar,Jameson,2024-01-05,MA-30,48.28633333333333
Johnson's Bar,Jameson,2024-01-06,MA-30,48.28633333333333
Johnson's Bar,Jameson,2024-01-07,MA-30,48.28633333333333
Johnson's Bar,Jameson,2024-01-08,MA-30,48.28633333333333
Johnson's Bar,Jameson,2024-01-09,MA-30,48.28633333333333
Johnson's Bar,Jameson,2024-01-10,MA-30,48.28633333333333
Johnson's Bar,Jameson,2024-01-11,MA-30,48.28633333333333
Johnson's Bar,Jameson,2024-01-12,MA-30,48.28633333333333
Johnson's Bar,Jameson,2024-01-13,MA-30,48.28633333333333
Johnson's Bar,Jameson,2024-01-14,MA-30,48.28633333333333
Johnson's Bar,Jameson,2024-01-15,MA-30,48.28633333333333
Johnson's Bar,Jameson,2024-01-16,MA-30,48.28633333333333
Johnson's Bar,Jameson,2024-01-17,MA-30,48.28633333333333
Johnson's Bar,Jameson,2024-01-18,MA-30,48.28633333333333
Johnson's Bar,Jameson,2024-01-19,MA-30,48.28633333333333
Johnson's Bar,Jameson,2024-01-20,MA-30,48.28633333333333
Johnson's Bar,Jameson,2024-01-21,MA-30,48.28633333333333
Johnson's Bar,Jameson,2024-01-22,MA-30,48.28633333333333
Johnson's Bar,Jameson,2024-01-23,MA-30,48.28633333333333
Johnson's Bar,Jameson,2024-01-24,MA-30,48.28633333333333
Johnson's Bar,Jameson,2024-01-25,MA-30,48.28633333333333
Johnson's Bar,Jameson,2024-01-26,MA-30,48.28633333333333
Johnson's Bar,Jim Beam,2023-12-29,Mean,46.97243626062323
Johnson's Bar,Jim Beam,2023-12-30,Mean,46.97243626062323
Johnson's Bar,Jim Beam,2023-12-31,Mean,46.97243626062323
Johnson's Bar,Jim Beam,2024-01-01,Mean,46.97243626062323
Johnson's Bar,Jim Beam,2024-01-02,Mean,46.97243626062323
Johnson's Bar,Jim Beam,2024-01-03,Mean,46.97243626062323
Johnson's Bar,Jim Beam,2024-01-04,Mean,46.97243626062323
Johnson's Bar,Jim Beam,2024-01-05,Mean,46.97243626062323
Johnson's Bar,Jim Beam,2024-01-06,Mean,46.97243626062323
Johnson's Bar,Jim Beam,2024-01-07,Mean,46.97243626062323
Johnson's Bar,Jim Beam,2024-01-08,Mean,46.97243626062323
Johnson's Bar,Jim Beam,2024-01-09,Mean,46.97243626062323
Johnson's Bar,Jim Beam,2024-01-10,Mean,46.97243626062323
Johnson's Bar,Jim Beam,2024-01-11,Mean,46.97243626062323
Johnson's Bar,Jim Beam,2024-01-12,Mean,46.97243626062323
Johnson's Bar,Jim Beam,2024-01-13,Mean,46.97243626062323
Johnson's Bar,Jim Beam,2024-01-14,Mean,46.97243626062323
Johnson's Bar,Jim Beam,2024-01-15,Mean,46.97243626062323
Johnson's Bar,Jim Beam,2024-01-16,Mean,46.97243626062323
Johnson's Bar,Jim Beam,2024-01-17,Mean,46.97243626062323
Johnson's Bar,Jim Beam,2024-01-18,Mean,46.97243626062323
Johnson's Bar,Jim Beam,2024-01-19,Mean,46.97243626062323
Johnson's Bar,Jim Beam,2024-01-20,Mean,46.97243626062323
Johnson's Bar,Jim Beam,2024-01-21,Mean,46.97243626062323
Johnson's Bar,Jim Beam,2024-01-22,Mean,46.97243626062323
Johnson's Bar,Jim Beam,2024-01-23,Mean,46.97243626062323
Johnson's Bar,Jim Beam,2024-01-24,Mean,46.97243626062323
Johnson's Bar,Jim Beam,2024-01-25,Mean,46.97243626062323
Johnson's Bar,Jim Beam,2024-01-26,Mean,46.97243626062323
Johnson's Bar,Jim Beam,2024-01-27,Mean,46.97243626062323
Johnson's Bar,Malibu,2024-01-02,MA-7,39.737142857142864
Johnson's Bar,Malibu,2024-01-03,MA-7,39.737142857142864
Johnson's Bar,Malibu,2024-01-04,MA-7,39.737142857142864
Johnson's Bar,Malibu,2024-01-05,MA-7,39.737142857142864
Johnson's Bar,Malibu,2024-01-06,MA-7,39.737142857142864
Johnson's Bar,Malibu,2024-01-07,MA-7,39.737142857142864
Johnson's Bar,Malibu,2024-01-08,MA-7,39.737142857142864
Johnson's Bar,Malibu,2024-01-09,MA-7,39.737142857142864
Johnson's Bar,Malibu,2024-01-10,MA-7,39.737142857142864
Johnson's Bar,Malibu,2024-01-11,MA-7,39.737142857142864
Johnson's Bar,Malibu,2024-01-12,MA-7,39.737142857142864
Johnson's Bar,Malibu,2024-01-13,MA-7,39.737142857142864
Johnson's Bar,Malibu,2024-01-14,MA-7,39.737142857142864
Johnson's Bar,Malibu,2024-01-15,MA-7,39.737142857142864
Johnson's Bar,Malibu,2024-01-16,MA-7,39.737142857142864
Johnson's Bar,Malibu,2024-01-17,MA-7,39.737142857142864
Johnson's Bar,Malibu,2024-01-18,MA-7,39.737142857142864
Johnson's Bar,Malibu,2024-01-19,MA-7,39.737142857142864
Johnson's Bar,Malibu,2024-01-20,MA-7,39.737142857142864
Johnson's Bar,Malibu,2024-01-21,MA-7,39.737142857142864
Johnson's Bar,Malibu,2024-01-22,MA-7,39.737142857142864
Johnson's Bar,Malibu,2024-01-23,MA-7,39.737142857142864
Johnson's Bar,Malibu,2024-01-24,MA-7,39.737142857142864
Johnson's Bar,Malibu,2024-01-25,MA-7,39.737142857142864
Johnson's Bar,Malibu,2024-01-26,MA-7,39.737142857142864
Johnson's Bar,Malibu,2024-01-27,MA-7,39.737142857142864
Johnson's Bar,Malibu,2024-01-28,MA-7,39.737142857142864
Johnson's Bar,Malibu,2024-01-29,MA-7,39.737142857142864
Johnson's Bar,Malibu,2024-01-30,MA-7,39.737142857142864
Johnson's Bar,Malibu,2024-01-31,MA-7,39.737142857142864
Johnson's Bar,Miller,2023-12-26,MA-14,3.7721428571428572
Johnson's Bar,Miller,2023-12-27,MA-14,3.7721428571428572
Johnson's Bar,Miller,2023-12-28,MA-14,3.7721428571428572
Johnson's Bar,Miller,2023-12-29,MA-14,3.7721428571428572
Johnson's Bar,Miller,2023-12-30,MA-14,3.7721428571428572
Johnson's Bar,Miller,2023-12-31,MA-14,3.7721428571428572
Johnson's Bar,Miller,2024-01-01,MA-14,3.7721428571428572
Johnson's Bar,Miller,2024-01-02,MA-14,3.7721428571428572
Johnson's Bar,Miller,2024-01-03,MA-14,3.7721428571428572
Johnson's Bar,Miller,2024-01-04,MA-14,3.7721428571428572
Johnson's Bar,Miller,2024-01-05,MA-14,3.7721428571428572
Johnson's Bar,Miller,2024-01-06,MA-14,3.7721428571428572
Johnson's Bar,Miller,2024-01-07,MA-14,3.7721428571428572
Johnson's Bar,Miller,2024-01-08,MA-14,3.7721428571428572
Johnson's Bar,Miller,2024-01-09,MA-14,3.7721428571428572
Johnson's Bar,Miller,2024-01-10,MA-14,3.7721428571428572
Johnson's Bar,Miller,2024-01-11,MA-14,3.7721428571428572
Johnson's Bar,Miller,2024-01-12,MA-14,3.7721428571428572
Johnson's Bar,Miller,2024-01-13,MA-14,3.7721428571428572
Johnson's Bar,Miller,2024-01-14,MA-14,3.7721428571428572
Johnson's Bar,Miller,2024-01-15,MA-14,3.7721428571428572
Johnson's Bar,Miller,2024-01-16,MA-14,3.7721428571428572
Johnson's Bar,Miller,2024-01-17,MA-14,3.7721428571428572
Johnson's Bar,Miller,2024-01-18,MA-14,3.7721428571428572
Johnson's Bar,Miller,2024-01-19,MA-14,3.7721428571428572
Johnson's Bar,Miller,2024-01-20,MA-14,3.7721428571428572
Johnson's Bar,Miller,2024-01-21,MA-14,3.7721428571428572
Johnson's Bar,Miller,2024-01-22,MA-14,3.7721428571428572
Johnson's Bar,Miller,2024-01-23,MA-14,3.7721428571428572
Johnson's Bar,Miller,2024-01-24,MA-14,3.7721428571428572
Johnson's Bar,Smirnoff,2023-12-24,Intermittent Mean,71.64612359550561
Johnson's Bar,Smirnoff,2023-12-25,Intermittent Mean,71.64612359550561
Johnson's Bar,Smirnoff,2023-12-26,Intermittent Mean,71.64612359550561
Johnson's Bar,Smirnoff,2023-12-27,Intermittent Mean,71.64612359550561
Johnson's Bar,Smirnoff,2023-12-28,Intermittent Mean,71.64612359550561
Johnson's Bar,Smirnoff,2023-12-29,Intermittent Mean,71.64612359550561
Johnson's Bar,Smirnoff,2023-12-30,Intermittent Mean,71.64612359550561
Johnson's Bar,Smirnoff,2023-12-31,Intermittent Mean,71.64612359550561
Johnson's Bar,Smirnoff,2024-01-01,Intermittent Mean,71.64612359550561
Johnson's Bar,Smirnoff,2024-01-02,Intermittent Mean,71.64612359550561
Johnson's Bar,Smirnoff,2024-01-03,Intermittent Mean,71.64612359550561
Johnson's Bar,Smirnoff,2024-01-04,Intermittent Mean,71.64612359550561
Johnson's Bar,Smirnoff,2024-01-05,Intermittent Mean,71.64612359550561
Johnson's Bar,Smirnoff,2024-01-06,Intermittent Mean,71.64612359550561
Johnson's Bar,Smirnoff,2024-01-07,Intermittent Mean,71.64612359550561
Johnson's Bar,Smirnoff,2024-01-08,Intermittent Mean,71.64612359550561
Johnson's Bar,Smirnoff,2024-01-09,Intermittent Mean,71.64612359550561
Johnson's Bar,Smirnoff,2024-01-10,Intermittent Mean,71.64612359550561
Johnson's Bar,Smirnoff,2024-01-11,Intermittent Mean,71.64612359550561
Johnson's Bar,Smirnoff,2024-01-12,Intermittent Mean,71.64612359550561
Johnson's Bar,Smirnoff,2024-01-13,Intermittent Mean,71.64612359550561
Johnson's Bar,Smirnoff,2024-01-14,Intermittent Mean,71.64612359550561
Johnson's Bar,Smirnoff,2024-01-15,Intermittent Mean,71.64612359550561
Johnson's Bar,Smirnoff,2024-01-16,Intermittent Mean,71.64612359550561
Johnson's Bar,Smirnoff,2024-01-17,Intermittent Mean,71.64612359550561
Johnson's Bar,Smirnoff,2024-01-18,Intermittent Mean,71.64612359550561
Johnson's Bar,Smirnoff,2024-01-19,Intermittent Mean,71.64612359550561
Johnson's Bar,Smirnoff,2024-01-20,Intermittent Mean,71.64612359550561
Johnson's Bar,Smirnoff,2024-01-21,Intermittent Mean,71.64612359550561
Johnson's Bar,Smirnoff,2024-01-22,Intermittent Mean,71.64612359550561
Johnson's Bar,Sutter Home,2024-01-01,MA-30,57.001000000000005
Johnson's Bar,Sutter Home,2024-01-02,MA-30,57.001000000000005
Johnson's Bar,Sutter Home,2024-01-03,MA-30,57.001000000000005
Johnson's Bar,Sutter Home,2024-01-04,MA-30,57.001000000000005
Johnson's Bar,Sutter Home,2024-01-05,MA-30,57.001000000000005
Johnson's Bar,Sutter Home,2024-01-06,MA-30,57.001000000000005
Johnson's Bar,Sutter Home,2024-01-07,MA-30,57.001000000000005
Johnson's Bar,Sutter Home,2024-01-08,MA-30,57.001000000000005
Johnson's Bar,Sutter Home,2024-01-09,MA-30,57.001000000000005
Johnson's Bar,Sutter Home,2024-01-10,MA-30,57.001000000000005
Johnson's Bar,Sutter Home,2024-01-11,MA-30,57.001000000000005
Johnson's Bar,Sutter Home,2024-01-12,MA-30,57.001000000000005
Johnson's Bar,Sutter Home,2024-01-13,MA-30,57.001000000000005
Johnson's Bar,Sutter Home,2024-01-14,MA-30,57.001000000000005
Johnson's Bar,Sutter Home,2024-01-15,MA-30,57.001000000000005
Johnson's Bar,Sutter Home,2024-01-16,MA-30,57.001000000000005
Johnson's Bar,Sutter Home,2024-01-17,MA-30,57.001000000000005
Johnson's Bar,Sutter Home,2024-01-18,MA-30,57.001000000000005
Johnson's Bar,Sutter Home,2024-01-19,MA-30,57.001000000000005
Johnson's Bar,Sutter Home,2024-01-20,MA-30,57.001000000000005
Johnson's Bar,Sutter Home,2024-01-21,MA-30,57.001000000000005
Johnson's Bar,Sutter Home,2024-01-22,MA-30,57.001000000000005
Johnson's Bar,Sutter Home,2024-01-23,MA-30,57.001000000000005
Johnson's Bar,Sutter Home,2024-01-24,MA-30,57.001000000000005
Johnson's Bar,Sutter Home,2024-01-25,MA-30,57.001000000000005
Johnson's Bar,Sutter Home,2024-01-26,MA-30,57.001000000000005
Johnson's Bar,Sutter Home,2024-01-27,MA-30,57.001000000000005
Johnson's Bar,Sutter Home,2024-01-28,MA-30,57.001000000000005
Johnson's Bar,Sutter Home,2024-01-29,MA-30,57.001000000000005
Johnson's Bar,Sutter Home,2024-01-30,MA-30,57.001000000000005
Johnson's Bar,Yellow Tail,2023-12-25,Intermittent Mean,60.335893854748605
Johnson's Bar,Yellow Tail,2023-12-26,Intermittent Mean,60.335893854748605
Johnson's Bar,Yellow Tail,2023-12-27,Intermittent Mean,60.335893854748605
Johnson's Bar,Yellow Tail,2023-12-28,Intermittent Mean,60.335893854748605
Johnson's Bar,Yellow Tail,2023-12-29,Intermittent Mean,60.335893854748605
Johnson's Bar,Yellow Tail,2023-12-30,Intermittent Mean,60.335893854748605
Johnson's Bar,Yellow Tail,2023-12-31,Intermittent Mean,60.335893854748605
Johnson's Bar,Yellow Tail,2024-01-01,Intermittent Mean,60.335893854748605
Johnson's Bar,Yellow Tail,2024-01-02,Intermittent Mean,60.335893854748605
Johnson's Bar,Yellow Tail,2024-01-03,Intermittent Mean,60.335893854748605
Johnson's Bar,Yellow Tail,2024-01-04,Intermittent Mean,60.335893854748605
Johnson's Bar,Yellow Tail,2024-01-05,Intermittent Mean,60.335893854748605
Johnson's Bar,Yellow Tail,2024-01-06,Intermittent Mean,60.335893854748605
Johnson's Bar,Yellow Tail,2024-01-07,Intermittent Mean,60.335893854748605
Johnson's Bar,Yellow Tail,2024-01-08,Intermittent Mean,60.335893854748605
Johnson's Bar,Yellow Tail,2024-01-09,Intermittent Mean,60.335893854748605
Johnson's Bar,Yellow Tail,2024-01-10,Intermittent Mean,60.335893854748605
Johnson's Bar,Yellow Tail,2024-01-11,Intermittent Mean,60.335893854748605
Johnson's Bar,Yellow Tail,2024-01-12,Intermittent Mean,60.335893854748605
Johnson's Bar,Yellow Tail,2024-01-13,Intermittent Mean,60.335893854748605
Johnson's Bar,Yellow Tail,2024-01-14,Intermittent Mean,60.335893854748605
Johnson's Bar,Yellow Tail,2024-01-15,Intermittent Mean,60.335893854748605
Johnson's Bar,Yellow Tail,2024-01-16,Intermittent Mean,60.335893854748605
Johnson's Bar,Yellow Tail,2024-01-17,Intermittent Mean,60.335893854748605
Johnson's Bar,Yellow Tail,2024-01-18,Intermittent Mean,60.335893854748605
Johnson's Bar,Yellow Tail,2024-01-19,Intermittent Mean,60.335893854748605
Johnson's Bar,Yellow Tail,2024-01-20,Intermittent Mean,60.335893854748605
Johnson's Bar,Yellow Tail,2024-01-21,Intermittent Mean,60.335893854748605
Johnson's Bar,Yellow Tail,2024-01-22,Intermittent Mean,60.335893854748605
Johnson's Bar,Yellow Tail,2024-01-23,Intermittent Mean,60.335893854748605
Smith's Bar,Absolut,2024-01-01,MA-7,85.55714285714285
Smith's Bar,Absolut,2024-01-02,MA-7,85.55714285714285
Smith's Bar,Absolut,2024-01-03,MA-7,85.55714285714285
Smith's Bar,Absolut,2024-01-04,MA-7,85.55714285714285
Smith's Bar,Absolut,2024-01-05,MA-7,85.55714285714285
Smith's Bar,Absolut,2024-01-06,MA-7,85.55714285714285
Smith's Bar,Absolut,2024-01-07,MA-7,85.55714285714285
Smith's Bar,Absolut,2024-01-08,MA-7,85.55714285714285
Smith's Bar,Absolut,2024-01-09,MA-7,85.55714285714285
Smith's Bar,Absolut,2024-01-10,MA-7,85.55714285714285
Smith's Bar,Absolut,2024-01-11,MA-7,85.55714285714285
Smith's Bar,Absolut,2024-01-12,MA-7,85.55714285714285
Smith's Bar,Absolut,2024-01-13,MA-7,85.55714285714285
Smith's Bar,Absolut,2024-01-14,MA-7,85.55714285714285
Smith's Bar,Absolut,2024-01-15,MA-7,85.55714285714285
Smith's Bar,Absolut,2024-01-16,MA-7,85.55714285714285
Smith's Bar,Absolut,2024-01-17,MA-7,85.55714285714285
Smith's Bar,Absolut,2024-01-18,MA-7,85.55714285714285
Smith's Bar,Absolut,2024-01-19,MA-7,85.55714285714285
Smith's Bar,Absolut,2024-01-20,MA-7,85.55714285714285
Smith's Bar,Absolut,2024-01-21,MA-7,85.55714285714285
Smith's Bar,Absolut,2024-01-22,MA-7,85.55714285714285
Smith's Bar,Absolut,2024-01-23,MA-7,85.55714285714285
Smith's Bar,Absolut,2024-01-24,MA-7,85.55714285714285
Smith's Bar,Absolut,2024-01-25,MA-7,85.55714285714285
Smith's Bar,Absolut,2024-01-26,MA-7,85.55714285714285
Smith's Bar,Absolut,2024-01-27,MA-7,85.55714285714285
Smith's Bar,Absolut,2024-01-28,MA-7,85.55714285714285
Smith's Bar,Absolut,2024-01-29,MA-7,85.55714285714285
Smith's Bar,Absolut,2024-01-30,MA-7,85.55714285714285
Smith's Bar,Bacardi,2024-01-01,SBA,63.53678678529014
Smith's Bar,Bacardi,2024-01-02,SBA,63.53678678529014
Smith's Bar,Bacardi,2024-01-03,SBA,63.53678678529014
Smith's Bar,Bacardi,2024-01-04,SBA,63.53678678529014
Smith's Bar,Bacardi,2024-01-05,SBA,63.53678678529014
Smith's Bar,Bacardi,2024-01-06,SBA,63.53678678529014
Smith's Bar,Bacardi,2024-01-07,SBA,63.53678678529014
Smith's Bar,Bacardi,2024-01-08,SBA,63.53678678529014
Smith's Bar,Bacardi,2024-01-09,SBA,63.53678678529014
Smith's Bar,Bacardi,2024-01-10,SBA,63.53678678529014
Smith's Bar,Bacardi,2024-01-11,SBA,63.53678678529014
Smith's Bar,Bacardi,2024-01-12,SBA,63.53678678529014
Smith's Bar,Bacardi,2024-01-13,SBA,63.53678678529014
Smith's Bar,Bacardi,2024-01-14,SBA,63.53678678529014
Smith's Bar,Bacardi,2024-01-15,SBA,63.53678678529014
Smith's Bar,Bacardi,2024-01-16,SBA,63.53678678529014
Smith's Bar,Bacardi,2024-01-17,SBA,63.53678678529014
Smith's Bar,Bacardi,2024-01-18,SBA,63.53678678529014
Smith's Bar,Bacardi,2024-01-19,SBA,63.53678678529014
Smith's Bar,Bacardi,2024-01-20,SBA,63.53678678529014
Smith's Bar,Bacardi,2024-01-21,SBA,63.53678678529014
Smith's Bar,Bacardi,2024-01-22,SBA,63.53678678529014
Smith's Bar,Bacardi,2024-01-23,SBA,63.53678678529014
Smith's Bar,Bacardi,2024-01-24,SBA,63.53678678529014
Smith's Bar,Bacardi,2024-01-25,SBA,63.53678678529014
Smith's Bar,Bacardi,2024-01-26,SBA,63.53678678529014
Smith's Bar,Bacardi,2024-01-27,SBA,63.53678678529014
Smith's Bar,Bacardi,2024-01-28,SBA,63.53678678529014
Smith's Bar,Bacardi,2024-01-29,SBA,63.53678678529014
Smith's Bar,Bacardi,2024-01-30,SBA,63.53678678529014
Smith's Bar,Barefoot,2023-12-31,Intermittent Mean,59.308156424581014
Smith's Bar,Barefoot,2024-01-01,Intermittent Mean,59.308156424581014
Smith's Bar,Barefoot,2024-01-02,Intermittent Mean,59.308156424581014
Smith's Bar,Barefoot,2024-01-03,Intermittent Mean,59.308156424581014
Smith's Bar,Barefoot,2024-01-04,Intermittent Mean,59.308156424581014
Smith's Bar,Barefoot,2024-01-05,Intermittent Mean,59.308156424581014
Smith's Bar,Barefoot,2024-01-06,Intermittent Mean,59.308156424581014
Smith's Bar,Barefoot,2024-01-07,Intermittent Mean,59.308156424581014
Smith's Bar,Barefoot,2024-01-08,Intermittent Mean,59.308156424581014
Smith's Bar,Barefoot,2024-01-09,Intermittent Mean,59.308156424581014
Smith's Bar,Barefoot,2024-01-10,Intermittent Mean,59.308156424581014
Smith's Bar,Barefoot,2024-01-11,Intermittent Mean,59.308156424581014
Smith's Bar,Barefoot,2024-01-12,Intermittent Mean,59.308156424581014
Smith's Bar,Barefoot,2024-01-13,Intermittent Mean,59.308156424581014
Smith's Bar,Barefoot,2024-01-14,Intermittent Mean,59.308156424581014
Smith's Bar,Barefoot,2024-01-15,Intermittent Mean,59.308156424581014
Smith's Bar,Barefoot,2024-01-16,Intermittent Mean,59.308156424581014
Smith's Bar,Barefoot,2024-01-17,Intermittent Mean,59.308156424581014
Smith's Bar,Barefoot,2024-01-18,Intermittent Mean,59.308156424581014
Smith's Bar,Barefoot,2024-01-19,Intermittent Mean,59.308156424581014
Smith's Bar,Barefoot,2024-01-20,Intermittent Mean,59.308156424581014
Smith's Bar,Barefoot,2024-01-21,Intermittent Mean,59.308156424581014
Smith's Bar,Barefoot,2024-01-22,Intermittent Mean,59.308156424581014
Smith's Bar,Barefoot,2024-01-23,Intermittent Mean,59.308156424581014
Smith's Bar,Barefoot,2024-01-24,Intermittent Mean,59.308156424581014
Smith's Bar,Barefoot,2024-01-25,Intermittent Mean,59.308156424581014
Smith's Bar,Barefoot,2024-01-26,Intermittent Mean,59.308156424581014
Smith's Bar,Barefoot,2024-01-27,Intermittent Mean,59.308156424581014
Smith's Bar,Barefoot,2024-01-28,Intermittent Mean,59.308156424581014
Smith's Bar,Barefoot,2024-01-29,Intermittent Mean,59.308156424581014
Smith's Bar,Budweiser,2023-12-23,MA-7,132.54714285714286
Smith's Bar,Budweiser,2023-12-24,MA-7,132.54714285714286
Smith's Bar,Budweiser,2023-12-25,MA-7,132.54714285714286
Smith's Bar,Budweiser,2023-12-26,MA-7,132.54714285714286
Smith's Bar,Budweiser,2023-12-27,MA-7,132.54714285714286
Smith's Bar,Budweiser,2023-12-28,MA-7,132.54714285714286
Smith's Bar,Budweiser,2023-12-29,MA-7,132.54714285714286
Smith's Bar,Budweiser,2023-12-30,MA-7,132.54714285714286
Smith's Bar,Budweiser,2023-12-31,MA-7,132.54714285714286
Smith's Bar,Budweiser,2024-01-01,MA-7,132.54714285714286
Smith's Bar,Budweiser,2024-01-02,MA-7,132.54714285714286
Smith's Bar,Budweiser,2024-01-03,MA-7,132.54714285714286
Smith's Bar,Budweiser,2024-01-04,MA-7,132.54714285714286
Smith's Bar,Budweiser,2024-01-05,MA-7,132.54714285714286
Smith's Bar,Budweiser,2024-01-06,MA-7,132.54714285714286
Smith's Bar,Budweiser,2024-01-07,MA-7,132.54714285714286
Smith's Bar,Budweiser,2024-01-08,MA-7,132.54714285714286
Smith's Bar,Budweiser,2024-01-09,MA-7,132.54714285714286
Smith's Bar,Budweiser,2024-01-10,MA-7,132.54714285714286
Smith's Bar,Budweiser,2024-01-11,MA-7,132.54714285714286
Smith's Bar,Budweiser,2024-01-12,MA-7,132.54714285714286
Smith's Bar,Budweiser,2024-01-13,MA-7,132.54714285714286
Smith's Bar,Budweiser,2024-01-14,MA-7,132.54714285714286
Smith's Bar,Budweiser,2024-01-15,MA-7,132.54714285714286
Smith's Bar,Budweiser,2024-01-16,MA-7,132.54714285714286
Smith's Bar,Budweiser,2024-01-17,MA-7,132.54714285714286
Smith's Bar,Budweiser,2024-01-18,MA-7,132.54714285714286
Smith's Bar,Budweiser,2024-01-19,MA-7,132.54714285714286
Smith's Bar,Budweiser,2024-01-20,MA-7,132.54714285714286
Smith's Bar,Budweiser,2024-01-21,MA-7,132.54714285714286
Smith's Bar,Captain Morgan,2024-01-02,MA-7,72.70142857142858
Smith's Bar,Captain Morgan,2024-01-03,MA-7,72.70142857142858
Smith's Bar,Captain Morgan,2024-01-04,MA-7,72.70142857142858
Smith's Bar,Captain Morgan,2024-01-05,MA-7,72.70142857142858
Smith's Bar,Captain Morgan,2024-01-06,MA-7,72.70142857142858
Smith's Bar,Captain Morgan,2024-01-07,MA-7,72.70142857142858
Smith's Bar,Captain Morgan,2024-01-08,MA-7,72.70142857142858
Smith's Bar,Captain Morgan,2024-01-09,MA-7,72.70142857142858
Smith's Bar,Captain Morgan,2024-01-10,MA-7,72.70142857142858
Smith's Bar,Captain Morgan,2024-01-11,MA-7,72.70142857142858
Smith's Bar,Captain Morgan,2024-01-12,MA-7,72.70142857142858
Smith's Bar,Captain Morgan,2024-01-13,MA-7,72.70142857142858
Smith's Bar,Captain Morgan,2024-01-14,MA-7,72.70142857142858
Smith's Bar,Captain Morgan,2024-01-15,MA-7,72.70142857142858
Smith's Bar,Captain Morgan,2024-01-16,MA-7,72.70142857142858
Smith's Bar,Captain Morgan,2024-01-17,MA-7,72.70142857142858
Smith's Bar,Captain Morgan,2024-01-18,MA-7,72.70142857142858
Smith's Bar,Captain Morgan,2024-01-19,MA-7,72.70142857142858
Smith's Bar,Captain Morgan,2024-01-20,MA-7,72.70142857142858
Smith's Bar,Captain Morgan,2024-01-21,MA-7,72.70142857142858
Smith's Bar,Captain Morgan,2024-01-22,MA-7,72.70142857142858
Smith's Bar,Captain Morgan,2024-01-23,MA-7,72.70142857142858
Smith's Bar,Captain Morgan,2024-01-24,MA-7,72.70142857142858
Smith's Bar,Captain Morgan,2024-01-25,MA-7,72.70142857142858
Smith's Bar,Captain Morgan,2024-01-26,MA-7,72.70142857142858
Smith's Bar,Captain Morgan,2024-01-27,MA-7,72.70142857142858
Smith's Bar,Captain Morgan,2024-01-28,MA-7,72.70142857142858
Smith's Bar,Captain Morgan,2024-01-29,MA-7,72.70142857142858
Smith's Bar,Captain Morgan,2024-01-30,MA-7,72.70142857142858
Smith's Bar,Captain Morgan,2024-01-31,MA-7,72.70142857142858
Smith's Bar,Coors,2023-12-29,MA-30,59.85800000000001
Smith's Bar,Coors,2023-12-30,MA-30,59.85800000000001
Smith's Bar,Coors,2023-12-31,MA-30,59.85800000000001
Smith's Bar,Coors,2024-01-01,MA-30,59.85800000000001
Smith's Bar,Coors,2024-01-02,MA-30,59.85800000000001
Smith's Bar,Coors,2024-01-03,MA-30,59.85800000000001
Smith's Bar,Coors,2024-01-04,MA-30,59.85800000000001
Smith's Bar,Coors,2024-01-05,MA-30,59.85800000000001
Smith's Bar,Coors,2024-01-06,MA-30,59.85800000000001
Smith's Bar,Coors,2024-01-07,MA-30,59.85800000000001
Smith's Bar,Coors,2024-01-08,MA-30,59.85800000000001
Smith's Bar,Coors,2024-01-09,MA-30,59.85800000000001
Smith's Bar,Coors,2024-01-10,MA-30,59.85800000000001
Smith's Bar,Coors,2024-01-11,MA-30,59.85800000000001
Smith's Bar,Coors,2024-01-12,MA-30,59.85800000000001
Smith's Bar,Coors,2024-01-13,MA-30,59.85800000000001
Smith's Bar,Coors,2024-01-14,MA-30,59.85800000000001
Smith's Bar,Coors,2024-01-15,MA-30,59.85800000000001
Smith's Bar,Coors,2024-01-16,MA-30,59.85800000000001
Smith's Bar,Coors,2024-01-17,MA-30,59.85800000000001
Smith's Bar,Coors,2024-01-18,MA-30,59.85800000000001
Smith's Bar,Coors,2024-01-19,MA-30,59.85800000000001
Smith's Bar,Coors,2024-01-20,MA-30,59.85800000000001
Smith's Bar,Coors,2024-01-21,MA-30,59.85800000000001
Smith's Bar,Coors,2024-01-22,MA-30,59.85800000000001
Smith's Bar,Coors,2024-01-23,MA-30,59.85800000000001
Smith's Bar,Coors,2024-01-24,MA-30,59.85800000000001
Smith's Bar,Coors,2024-01-25,MA-30,59.85800000000001
Smith's Bar,Coors,2024-01-26,MA-30,59.85800000000001
Smith's Bar,Coors,2024-01-27,MA-30,59.85800000000001
Smith's Bar,Grey Goose,2024-01-02,MA-7,159.8942857142857
Smith's Bar,Grey Goose,2024-01-03,MA-7,159.8942857142857
Smith's Bar,Grey Goose,2024-01-04,MA-7,159.8942857142857
Smith's Bar,Grey Goose,2024-01-05,MA-7,159.8942857142857
Smith's Bar,Grey Goose,2024-01-06,MA-7,159.8942857142857
Smith's Bar,Grey Goose,2024-01-07,MA-7,159.8942857142857
Smith's Bar,Grey Goose,2024-01-08,MA-7,159.8942857142857
Smith's Bar,Grey Goose,2024-01-09,MA-7,159.8942857142857
Smith's Bar,Grey Goose,2024-01-10,MA-7,159.8942857142857
Smith's Bar,Grey Goose,2024-01-11,MA-7,159.8942857142857
Smith's Bar,Grey Goose,2024-01-12,MA-7,159.8942857142857
Smith's Bar,Grey Goose,2024-01-13,MA-7,159.8942857142857
Smith's Bar,Grey Goose,2024-01-14,MA-7,159.8942857142857
Smith's Bar,Grey Goose,2024-01-15,MA-7,159.8942857142857
Smith's Bar,Grey Goose,2024-01-16,MA-7,159.8942857142857
Smith's Bar,Grey Goose,2024-01-17,MA-7,159.8942857142857
Smith's Bar,Grey Goose,2024-01-18,MA-7,159.8942857142857
Smith's Bar,Grey Goose,2024-01-19,MA-7,159.8942857142857
Smith's Bar,Grey Goose,2024-01-20,MA-7,159.8942857142857
Smith's Bar,Grey Goose,2024-01-21,MA-7,159.8942857142857
Smith's Bar,Grey Goose,2024-01-22,MA-7,159.8942857142857
Smith's Bar,Grey Goose,2024-01-23,MA-7,159.8942857142857
Smith's Bar,Grey Goose,2024-01-24,MA-7,159.8942857142857
Smith's Bar,Grey Goose,2024-01-25,MA-7,159.8942857142857
Smith's Bar,Grey Goose,2024-01-26,MA-7,159.8942857142857
Smith's Bar,Grey Goose,2024-01-27,MA-7,159.8942857142857
Smith's Bar,Grey Goose,2024-01-28,MA-7,159.8942857142857
Smith's Bar,Grey Goose,2024-01-29,MA-7,159.8942857142857
Smith's Bar,Grey Goose,2024-01-30,MA-7,159.8942857142857
Smith's Bar,Grey Goose,2024-01-31,MA-7,159.8942857142857
Smith's Bar,Heineken,2023-12-30,MA-7,46.114285714285714
Smith's Bar,Heineken,2023-12-31,MA-7,46.114285714285714
Smith's Bar,Heineken,2024-01-01,MA-7,46.114285714285714
Smith's Bar,Heineken,2024-01-02,MA-7,46.114285714285714
Smith's Bar,Heineken,2024-01-03,MA-7,46.114285714285714
Smith's Bar,Heineken,2024-01-04,MA-7,46.114285714285714
Smith's Bar,Heineken,2024-01-05,MA-7,46.114285714285714
Smith's Bar,Heineken,2024-01-06,MA-7,46.114285714285714
Smith's Bar,Heineken,2024-01-07,MA-7,46.114285714285714
Smith's Bar,Heineken,2024-01-08,MA-7,46.114285714285714
Smith's Bar,Heineken,2024-01-09,MA-7,46.114285714285714
Smith's Bar,Heineken,2024-01-10,MA-7,46.114285714285714
Smith's Bar,Heineken,2024-01-11,MA-7,46.114285714285714
Smith's Bar,Heineken,2024-01-12,MA-7,46.114285714285714
Smith's Bar,Heineken,2024-01-13,MA-7,46.114285714285714
Smith's Bar,Heineken,2024-01-14,MA-7,46.114285714285714
Smith's Bar,Heineken,2024-01-15,MA-7,46.114285714285714
Smith's Bar,Heineken,2024-01-16,MA-7,46.114285714285714
Smith's Bar,Heineken,2024-01-17,MA-7,46.114285714285714
Smith's Bar,Heineken,2024-01-18,MA-7,46.114285714285714
Smith's Bar,Heineken,2024-01-19,MA-7,46.114285714285714
Smith's Bar,Heineken,2024-01-20,MA-7,46.114285714285714
Smith's Bar,Heineken,2024-01-21,MA-7,46.114285714285714
Smith's Bar,Heineken,2024-01-22,MA-7,46.114285714285714
Smith's Bar,Heineken,2024-01-23,MA-7,46.114285714285714
Smith's Bar,Heineken,2024-01-24,MA-7,46.114285714285714
Smith's Bar,Heineken,2024-01-25,MA-7,46.114285714285714
Smith's Bar,Heineken,2024-01-26,MA-7,46.114285714285714
Smith's Bar,Heineken,2024-01-27,MA-7,46.114285714285714
Smith's Bar,Heineken,2024-01-28,MA-7,46.114285714285714
Smith's Bar,Jack Daniels,2023-12-20,MA-14,53.71928571428571
Smith's Bar,Jack Daniels,2023-12-21,MA-14,53.71928571428571
Smith's Bar,Jack Daniels,2023-12-22,MA-14,53.71928571428571
Smith's Bar,Jack Daniels,2023-12-23,MA-14,53.71928571428571
Smith's Bar,Jack Daniels,2023-12-24,MA-14,53.71928571428571
Smith's Bar,Jack Daniels,2023-12-25,MA-14,53.71928571428571
Smith's Bar,Jack Daniels,2023-12-26,MA-14,53.71928571428571
Smith's Bar,Jack Daniels,2023-12-27,MA-14,53.71928571428571
Smith's Bar,Jack Daniels,2023-12-28,MA-14,53.71928571428571
Smith's Bar,Jack Daniels,2023-12-29,MA-14,53.71928571428571
Smith's Bar,Jack Daniels,2023-12-30,MA-14,53.71928571428571
Smith's Bar,Jack Daniels,2023-12-31,MA-14,53.71928571428571
Smith's Bar,Jack Daniels,2024-01-01,MA-14,53.71928571428571
Smith's Bar,Jack Daniels,2024-01-02,MA-14,53.71928571428571
Smith's Bar,Jack Daniels,2024-01-03,MA-14,53.71928571428571
Smith's Bar,Jack Daniels,2024-01-04,MA-14,53.71928571428571
Smith's Bar,Jack Daniels,2024-01-05,MA-14,53.71928571428571
Smith's Bar,Jack Daniels,2024-01-06,MA-14,53.71928571428571
Smith's Bar,Jack Daniels,2024-01-07,MA-14,53.71928571428571
Smith's Bar,Jack Daniels,2024-01-08,MA-14,53.71928571428571
Smith's Bar,Jack Daniels,2024-01-09,MA-14,53.71928571428571
Smith's Bar,Jack Daniels,2024-01-10,MA-14,53.71928571428571
Smith's Bar,Jack Daniels,2024-01-11,MA-14,53.71928571428571
Smith's Bar,Jack Daniels,2024-01-12,MA-14,53.71928571428571
Smith's Bar,Jack Daniels,2024-01-13,MA-14,53.71928571428571
Smith's Bar,Jack Daniels,2024-01-14,MA-14,53.71928571428571
Smith's Bar,Jack Daniels,2024-01-15,MA-14,53.71928571428571
Smith's Bar,Jack Daniels,2024-01-16,MA-14,53.71928571428571
Smith's Bar,Jack Daniels,2024-01-17,MA-14,53.71928571428571
Smith's Bar,Jack Daniels,2024-01-18,MA-14,53.71928571428571
Smith's Bar,Jameson,2024-01-01,MA-7,57.24714285714286
Smith's Bar,Jameson,2024-01-02,MA-7,57.24714285714286
Smith's Bar,Jameson,2024-01-03,MA-7,57.24714285714286
Smith's Bar,Jameson,2024-01-04,MA-7,57.24714285714286
Smith's Bar,Jameson,2024-01-05,MA-7,57.24714285714286
Smith's Bar,Jameson,2024-01-06,MA-7,57.24714285714286
Smith's Bar,Jameson,2024-01-07,MA-7,57.24714285714286
Smith's Bar,Jameson,2024-01-08,MA-7,57.24714285714286
Smith's Bar,Jameson,2024-01-09,MA-7,57.24714285714286
Smith's Bar,Jameson,2024-01-10,MA-7,57.24714285714286
Smith's Bar,Jameson,2024-01-11,MA-7,57.24714285714286
Smith's Bar,Jameson,2024-01-12,MA-7,57.24714285714286
Smith's Bar,Jameson,2024-01-13,MA-7,57.24714285714286
Smith's Bar,Jameson,2024-01-14,MA-7,57.24714285714286
Smith's Bar,Jameson,2024-01-15,MA-7,57.24714285714286
Smith's Bar,Jameson,2024-01-16,MA-7,57.24714285714286
Smith's Bar,Jameson,2024-01-17,MA-7,57.24714285714286
Smith's Bar,Jameson,2024-01-18,MA-7,57.24714285714286
Smith's Bar,Jameson,2024-01-19,MA-7,57.24714285714286
Smith's Bar,Jameson,2024-01-20,MA-7,57.24714285714286
Smith's Bar,Jameson,2024-01-21,MA-7,57.24714285714286
Smith's Bar,Jameson,2024-01-22,MA-7,57.24714285714286
Smith's Bar,Jameson,2024-01-23,MA-7,57.24714285714286
Smith's Bar,Jameson,2024-01-24,MA-7,57.24714285714286
Smith's Bar,Jameson,2024-01-25,MA-7,57.24714285714286
Smith's Bar,Jameson,2024-01-26,MA-7,57.24714285714286
Smith's Bar,Jameson,2024-01-27,MA-7,57.24714285714286
Smith's Bar,Jameson,2024-01-28,MA-7,57.24714285714286
Smith's Bar,Jameson,2024-01-29,MA-7,57.24714285714286
Smith's Bar,Jameson,2024-01-30,MA-7,57.24714285714286
Smith's Bar,Jim Beam,2023-12-24,MA-30,18.564333333333334
Smith's Bar,Jim Beam,2023-12-25,MA-30,18.564333333333334
Smith's Bar,Jim Beam,2023-12-26,MA-30,18.564333333333334
Smith's Bar,Jim Beam,2023-12-27,MA-30,18.564333333333334
Smith's Bar,Jim Beam,2023-12-28,MA-30,18.564333333333334
Smith's Bar,Jim Beam,2023-12-29,MA-30,18.564333333333334
Smith's Bar,Jim Beam,2023-12-30,MA-30,18.564333333333334
Smith's Bar,Jim Beam,2023-12-31,MA-30,18.564333333333334
Smith's Bar,Jim Beam,2024-01-01,MA-30,18.564333333333334
Smith's Bar,Jim Beam,2024-01-02,MA-30,18.564333333333334
Smith's Bar,Jim Beam,2024-01-03,MA-30,18.564333333333334
Smith's Bar,Jim Beam,2024-01-04,MA-30,18.564333333333334
Smith's Bar,Jim Beam,2024-01-05,MA-30,18.564333333333334
Smith's Bar,Jim Beam,2024-01-06,MA-30,18.564333333333334
Smith's Bar,Jim Beam,2024-01-07,MA-30,18.564333333333334
Smith's Bar,Jim Beam,2024-01-08,MA-30,18.564333333333334
Smith's Bar,Jim Beam,2024-01-09,MA-30,18.564333333333334
Smith's Bar,Jim Beam,2024-01-10,MA-30,18.564333333333334
Smith's Bar,Jim Beam,2024-01-11,MA-30,18.564333333333334
Smith's Bar,Jim Beam,2024-01-12,MA-30,18.564333333333334
Smith's Bar,Jim Beam,2024-01-13,MA-30,18.564333333333334
Smith's Bar,Jim Beam,2024-01-14,MA-30,18.564333333333334
Smith's Bar,Jim Beam,2024-01-15,MA-30,18.564333333333334
Smith's Bar,Jim Beam,2024-01-16,MA-30,18.564333333333334
Smith's Bar,Jim Beam,2024-01-17,MA-30,18.564333333333334
Smith's Bar,Jim Beam,2024-01-18,MA-30,18.564333333333334
Smith's Bar,Jim Beam,2024-01-19,MA-30,18.564333333333334
Smith's Bar,Jim Beam,2024-01-20,MA-30,18.564333333333334
Smith's Bar,Jim Beam,2024-01-21,MA-30,18.564333333333334
Smith's Bar,Jim Beam,2024-01-22,MA-30,18.564333333333334
Smith's Bar,Malibu,2023-12-30,MA-7,208.0514285714286
Smith's Bar,Malibu,2023-12-31,MA-7,208.0514285714286
Smith's Bar,Malibu,2024-01-01,MA-7,208.0514285714286
Smith's Bar,Malibu,2024-01-02,MA-7,208.0514285714286
Smith's Bar,Malibu,2024-01-03,MA-7,208.0514285714286
Smith's Bar,Malibu,2024-01-04,MA-7,208.0514285714286
Smith's Bar,Malibu,2024-01-05,MA-7,208.0514285714286
Smith's Bar,Malibu,2024-01-06,MA-7,208.0514285714286
Smith's Bar,Malibu,2024-01-07,MA-7,208.0514285714286
Smith's Bar,Malibu,2024-01-08,MA-7,208.0514285714286
Smith's Bar,Malibu,2024-01-09,MA-7,208.0514285714286
Smith's Bar,Malibu,2024-01-10,MA-7,208.0514285714286
Smith's Bar,Malibu,2024-01-11,MA-7,208.0514285714286
Smith's Bar,Malibu,2024-01-12,MA-7,208.0514285714286
Smith's Bar,Malibu,2024-01-13,MA-7,208.0514285714286
Smith's Bar,Malibu,2024-01-14,MA-7,208.0514285714286
Smith's Bar,Malibu,2024-01-15,MA-7,208.0514285714286
Smith's Bar,Malibu,2024-01-16,MA-7,208.0514285714286
Smith's Bar,Malibu,2024-01-17,MA-7,208.0514285714286
Smith's Bar,Malibu,2024-01-18,MA-7,208.0514285714286
Smith's Bar,Malibu,2024-01-19,MA-7,208.0514285714286
Smith's Bar,Malibu,2024-01-20,MA-7,208.0514285714286
Smith's Bar,Malibu,2024-01-21,MA-7,208.0514285714286
Smith's Bar,Malibu,2024-01-22,MA-7,208.0514285714286
Smith's Bar,Malibu,2024-01-23,MA-7,208.0514285714286
Smith's Bar,Malibu,2024-01-24,MA-7,208.0514285714286
Smith's Bar,Malibu,2024-01-25,MA-7,208.0514285714286
Smith's Bar,Malibu,2024-01-26,MA-7,208.0514285714286
Smith's Bar,Malibu,2024-01-27,MA-7,208.0514285714286
Smith's Bar,Malibu,2024-01-28,MA-7,208.0514285714286
Smith's Bar,Miller,2023-12-26,MA-7,62.47428571428571
Smith's Bar,Miller,2023-12-27,MA-7,62.47428571428571
Smith's Bar,Miller,2023-12-28,MA-7,62.47428571428571
Smith's Bar,Miller,2023-12-29,MA-7,62.47428571428571
Smith's Bar,Miller,2023-12-30,MA-7,62.47428571428571
Smith's Bar,Miller,2023-12-31,MA-7,62.47428571428571
Smith's Bar,Miller,2024-01-01,MA-7,62.47428571428571
Smith's Bar,Miller,2024-01-02,MA-7,62.47428571428571
Smith's Bar,Miller,2024-01-03,MA-7,62.47428571428571
Smith's Bar,Miller,2024-01-04,MA-7,62.47428571428571
Smith's Bar,Miller,2024-01-05,MA-7,62.47428571428571
Smith's Bar,Miller,2024-01-06,MA-7,62.47428571428571
Smith's Bar,Miller,2024-01-07,MA-7,62.47428571428571
Smith's Bar,Miller,2024-01-08,MA-7,62.47428571428571
Smith's Bar,Miller,2024-01-09,MA-7,62.47428571428571
Smith's Bar,Miller,2024-01-10,MA-7,62.47428571428571
Smith's Bar,Miller,2024-01-11,MA-7,62.47428571428571
Smith's Bar,Miller,2024-01-12,MA-7,62.47428571428571
Smith's Bar,Miller,2024-01-13,MA-7,62.47428571428571
Smith's Bar,Miller,2024-01-14,MA-7,62.47428571428571
Smith's Bar,Miller,2024-01-15,MA-7,62.47428571428571
Smith's Bar,Miller,2024-01-16,MA-7,62.47428571428571
Smith's Bar,Miller,2024-01-17,MA-7,62.47428571428571
Smith's Bar,Miller,2024-01-18,MA-7,62.47428571428571
Smith's Bar,Miller,2024-01-19,MA-7,62.47428571428571
Smith's Bar,Miller,2024-01-20,MA-7,62.47428571428571
Smith's Bar,Miller,2024-01-21,MA-7,62.47428571428571
Smith's Bar,Miller,2024-01-22,MA-7,62.47428571428571
Smith's Bar,Miller,2024-01-23,MA-7,62.47428571428571
Smith's Bar,Miller,2024-01-24,MA-7,62.47428571428571
Smith's Bar,Smirnoff,2023-12-25,MA-30,89.03633333333333
Smith's Bar,Smirnoff,2023-12-26,MA-30,89.03633333333333
Smith's Bar,Smirnoff,2023-12-27,MA-30,89.03633333333333
Smith's Bar,Smirnoff,2023-12-28,MA-30,89.03633333333333
Smith's Bar,Smirnoff,2023-12-29,MA-30,89.03633333333333
Smith's Bar,Smirnoff,2023-12-30,MA-30,89.03633333333333
Smith's Bar,Smirnoff,2023-12-31,MA-30,89.03633333333333
Smith's Bar,Smirnoff,2024-01-01,MA-30,89.03633333333333
Smith's Bar,Smirnoff,2024-01-02,MA-30,89.03633333333333
Smith's Bar,Smirnoff,2024-01-03,MA-30,89.03633333333333
Smith's Bar,Smirnoff,2024-01-04,MA-30,89.03633333333333
Smith's Bar,Smirnoff,2024-01-05,MA-30,89.03633333333333
Smith's Bar,Smirnoff,2024-01-06,MA-30,89.03633333333333
Smith's Bar,Smirnoff,2024-01-07,MA-30,89.03633333333333
Smith's Bar,Smirnoff,2024-01-08,MA-30,89.03633333333333
Smith's Bar,Smirnoff,2024-01-09,MA-30,89.03633333333333
Smith's Bar,Smirnoff,2024-01-10,MA-30,89.03633333333333
Smith's Bar,Smirnoff,2024-01-11,MA-30,89.03633333333333
Smith's Bar,Smirnoff,2024-01-12,MA-30,89.03633333333333
Smith's Bar,Smirnoff,2024-01-13,MA-30,89.03633333333333
Smith's Bar,Smirnoff,2024-01-14,MA-30,89.03633333333333
Smith's Bar,Smirnoff,2024-01-15,MA-30,89.03633333333333
Smith's Bar,Smirnoff,2024-01-16,MA-30,89.03633333333333
Smith's Bar,Smirnoff,2024-01-17,MA-30,89.03633333333333
Smith's Bar,Smirnoff,2024-01-18,MA-30,89.03633333333333
Smith's Bar,Smirnoff,2024-01-19,MA-30,89.03633333333333
Smith's Bar,Smirnoff,2024-01-20,MA-30,89.03633333333333
Smith's Bar,Smirnoff,2024-01-21,MA-30,89.03633333333333
Smith's Bar,Smirnoff,2024-01-22,MA-30,89.03633333333333
Smith's Bar,Smirnoff,2024-01-23,MA-30,89.03633333333333
Smith's Bar,Sutter Home,2023-12-28,Intermittent Mean,60.64713888888888
Smith's Bar,Sutter Home,2023-12-29,Intermittent Mean,60.64713888888888
Smith's Bar,Sutter Home,2023-12-30,Intermittent Mean,60.64713888888888
Smith's Bar,Sutter Home,2023-12-31,Intermittent Mean,60.64713888888888
Smith's Bar,Sutter Home,2024-01-01,Intermittent Mean,60.64713888888888
Smith's Bar,Sutter Home,2024-01-02,Intermittent Mean,60.64713888888888
Smith's Bar,Sutter Home,2024-01-03,Intermittent Mean,60.64713888888888
Smith's Bar,Sutter Home,2024-01-04,Intermittent Mean,60.64713888888888
Smith's Bar,Sutter Home,2024-01-05,Intermittent Mean,60.64713888888888
Smith's Bar,Sutter Home,2024-01-06,Intermittent Mean,60.64713888888888
Smith's Bar,Sutter Home,2024-01-07,Intermittent Mean,60.64713888888888
Smith's Bar,Sutter Home,2024-01-08,Intermittent Mean,60.64713888888888
Smith's Bar,Sutter Home,2024-01-09,Intermittent Mean,60.64713888888888
Smith's Bar,Sutter Home,2024-01-10,Intermittent Mean,60.64713888888888
Smith's Bar,Sutter Home,2024-01-11,Intermittent Mean,60.64713888888888
Smith's Bar,Sutter Home,2024-01-12,Intermittent Mean,60.64713888888888
Smith's Bar,Sutter Home,2024-01-13,Intermittent Mean,60.64713888888888
Smith's Bar,Sutter Home,2024-01-14,Intermittent Mean,60.64713888888888
Smith's Bar,Sutter Home,2024-01-15,Intermittent Mean,60.64713888888888
Smith's Bar,Sutter Home,2024-01-16,Intermittent Mean,60.64713888888888
Smith's Bar,Sutter Home,2024-01-17,Intermittent Mean,60.64713888888888
Smith's Bar,Sutter Home,2024-01-18,Intermittent Mean,60.64713888888888
Smith's Bar,Sutter Home,2024-01-19,Intermittent Mean,60.64713888888888
Smith's Bar,Sutter Home,2024-01-20,Intermittent Mean,60.64713888888888
Smith's Bar,Sutter Home,2024-01-21,Intermittent Mean,60.64713888888888
Smith's Bar,Sutter Home,2024-01-22,Intermittent Mean,60.64713888888888
Smith's Bar,Sutter Home,2024-01-23,Intermittent Mean,60.64713888888888
Smith's Bar,Sutter Home,2024-01-24,Intermittent Mean,60.64713888888888
Smith's Bar,Sutter Home,2024-01-25,Intermittent Mean,60.64713888888888
Smith's Bar,Sutter Home,2024-01-26,Intermittent Mean,60.64713888888888
Smith's Bar,Yellow Tail,2023-12-26,MA-7,0.0
Smith's Bar,Yellow Tail,2023-12-27,MA-7,0.0
Smith's Bar,Yellow Tail,2023-12-28,MA-7,0.0
Smith's Bar,Yellow Tail,2023-12-29,MA-7,0.0
Smith's Bar,Yellow Tail,2023-12-30,MA-7,0.0
Smith's Bar,Yellow Tail,2023-12-31,MA-7,0.0
Smith's Bar,Yellow Tail,2024-01-01,MA-7,0.0
Smith's Bar,Yellow Tail,2024-01-02,MA-7,0.0
Smith's Bar,Yellow Tail,2024-01-03,MA-7,0.0
Smith's Bar,Yellow Tail,2024-01-04,MA-7,0.0
Smith's Bar,Yellow Tail,2024-01-05,MA-7,0.0
Smith's Bar,Yellow Tail,2024-01-06,MA-7,0.0
Smith's Bar,Yellow Tail,2024-01-07,MA-7,0.0
Smith's Bar,Yellow Tail,2024-01-08,MA-7,0.0
Smith's Bar,Yellow Tail,2024-01-09,MA-7,0.0
Smith's Bar,Yellow Tail,2024-01-10,MA-7,0.0
Smith's Bar,Yellow Tail,2024-01-11,MA-7,0.0
Smith's Bar,Yellow Tail,2024-01-12,MA-7,0.0
Smith's Bar,Yellow Tail,2024-01-13,MA-7,0.0
Smith's Bar,Yellow Tail,2024-01-14,MA-7,0.0
Smith's Bar,Yellow Tail,2024-01-15,MA-7,0.0
Smith's Bar,Yellow Tail,2024-01-16,MA-7,0.0
Smith's Bar,Yellow Tail,2024-01-17,MA-7,0.0
Smith's Bar,Yellow Tail,2024-01-18,MA-7,0.0
Smith's Bar,Yellow Tail,2024-01-19,MA-7,0.0
Smith's Bar,Yellow Tail,2024-01-20,MA-7,0.0
Smith's Bar,Yellow Tail,2024-01-21,MA-7,0.0
Smith's Bar,Yellow Tail,2024-01-22,MA-7,0.0
Smith's Bar,Yellow Tail,2024-01-23,MA-7,0.0
Smith's Bar,Yellow Tail,2024-01-24,MA-7,0.0
Taylor's Bar,Absolut,2024-01-01,MA-7,97.94571428571427
Taylor's Bar,Absolut,2024-01-02,MA-7,97.94571428571427
Taylor's Bar,Absolut,2024-01-03,MA-7,97.94571428571427
Taylor's Bar,Absolut,2024-01-04,MA-7,97.94571428571427
Taylor's Bar,Absolut,2024-01-05,MA-7,97.94571428571427
Taylor's Bar,Absolut,2024-01-06,MA-7,97.94571428571427
Taylor's Bar,Absolut,2024-01-07,MA-7,97.94571428571427
Taylor's Bar,Absolut,2024-01-08,MA-7,97.94571428571427
Taylor's Bar,Absolut,2024-01-09,MA-7,97.94571428571427
Taylor's Bar,Absolut,2024-01-10,MA-7,97.94571428571427
Taylor's Bar,Absolut,2024-01-11,MA-7,97.94571428571427
Taylor's Bar,Absolut,2024-01-12,MA-7,97.94571428571427
Taylor's Bar,Absolut,2024-01-13,MA-7,97.94571428571427
Taylor's Bar,Absolut,2024-01-14,MA-7,97.94571428571427
Taylor's Bar,Absolut,2024-01-15,MA-7,97.94571428571427
Taylor's Bar,Absolut,2024-01-16,MA-7,97.94571428571427
Taylor's Bar,Absolut,2024-01-17,MA-7,97.94571428571427
Taylor's Bar,Absolut,2024-01-18,MA-7,97.94571428571427
Taylor's Bar,Absolut,2024-01-19,MA-7,97.94571428571427
Taylor's Bar,Absolut,2024-01-20,MA-7,97.94571428571427
Taylor's Bar,Absolut,2024-01-21,MA-7,97.94571428571427
Taylor's Bar,Absolut,2024-01-22,MA-7,97.94571428571427
Taylor's Bar,Absolut,2024-01-23,MA-7,97.94571428571427
Taylor's Bar,Absolut,2024-01-24,MA-7,97.94571428571427
Taylor's Bar,Absolut,2024-01-25,MA-7,97.94571428571427
Taylor's Bar,Absolut,2024-01-26,MA-7,97.94571428571427
Taylor's Bar,Absolut,2024-01-27,MA-7,97.94571428571427
Taylor's Bar,Absolut,2024-01-28,MA-7,97.94571428571427
Taylor's Bar,Absolut,2024-01-29,MA-7,97.94571428571427
Taylor's Bar,Absolut,2024-01-30,MA-7,97.94571428571427
Taylor's Bar,Bacardi,2023-12-13,MA-7,167.31857142857143
Taylor's Bar,Bacardi,2023-12-14,MA-7,167.31857142857143
Taylor's Bar,Bacardi,2023-12-15,MA-7,167.31857142857143
Taylor's Bar,Bacardi,2023-12-16,MA-7,167.31857142857143
Taylor's Bar,Bacardi,2023-12-17,MA-7,167.31857142857143
Taylor's Bar,Bacardi,2023-12-18,MA-7,167.31857142857143
Taylor's Bar,Bacardi,2023-12-19,MA-7,167.31857142857143
Taylor's Bar,Bacardi,2023-12-20,MA-7,167.31857142857143
Taylor's Bar,Bacardi,2023-12-21,MA-7,167.31857142857143
Taylor's Bar,Bacardi,2023-12-22,MA-7,167.31857142857143
Taylor's Bar,Bacardi,2023-12-23,MA-7,167.31857142857143
Taylor's Bar,Bacardi,2023-12-24,MA-7,167.31857142857143
Taylor's Bar,Bacardi,2023-12-25,MA-7,167.31857142857143
Taylor's Bar,Bacardi,2023-12-26,MA-7,167.31857142857143
Taylor's Bar,Bacardi,2023-12-27,MA-7,167.31857142857143
Taylor's Bar,Bacardi,2023-12-28,MA-7,167.31857142857143
Taylor's Bar,Bacardi,2023-12-29,MA-7,167.31857142857143
Taylor's Bar,Bacardi,2023-12-30,MA-7,167.31857142857143
Taylor's Bar,Bacardi,2023-12-31,MA-7,167.31857142857143
Taylor's Bar,Bacardi,2024-01-01,MA-7,167.31857142857143
Taylor's Bar,Bacardi,2024-01-02,MA-7,167.31857142857143
Taylor's Bar,Bacardi,2024-01-03,MA-7,167.31857142857143
Taylor's Bar,Bacardi,2024-01-04,MA-7,167.31857142857143
Taylor's Bar,Bacardi,2024-01-05,MA-7,167.31857142857143
Taylor's Bar,Bacardi,2024-01-06,MA-7,167.31857142857143
Taylor's Bar,Bacardi,2024-01-07,MA-7,167.31857142857143
Taylor's Bar,Bacardi,2024-01-08,MA-7,167.31857142857143
Taylor's Bar,Bacardi,2024-01-09,MA-7,167.31857142857143
Taylor's Bar,Bacardi,2024-01-10,MA-7,167.31857142857143
Taylor's Bar,Bacardi,2024-01-11,MA-7,167.31857142857143
Taylor's Bar,Barefoot,2023-12-25,MA-7,23.59714285714286
Taylor's Bar,Barefoot,2023-12-26,MA-7,23.59714285714286
Taylor's Bar,Barefoot,2023-12-27,MA-7,23.59714285714286
Taylor's Bar,Barefoot,2023-12-28,MA-7,23.59714285714286
Taylor's Bar,Barefoot,2023-12-29,MA-7,23.59714285714286
Taylor's Bar,Barefoot,2023-12-30,MA-7,23.59714285714286
Taylor's Bar,Barefoot,2023-12-31,MA-7,23.59714285714286
Taylor's Bar,Barefoot,2024-01-01,MA-7,23.59714285714286
Taylor's Bar,Barefoot,2024-01-02,MA-7,23.59714285714286
Taylor's Bar,Barefoot,2024-01-03,MA-7,23.59714285714286
Taylor's Bar,Barefoot,2024-01-04,MA-7,23.59714285714286
Taylor's Bar,Barefoot,2024-01-05,MA-7,23.59714285714286
Taylor's Bar,Barefoot,2024-01-06,MA-7,23.59714285714286
Taylor's Bar,Barefoot,2024-01-07,MA-7,23.59714285714286
Taylor's Bar,Barefoot,2024-01-08,MA-7,23.59714285714286
Taylor's Bar,Barefoot,2024-01-09,MA-7,23.59714285714286
Taylor's Bar,Barefoot,2024-01-10,MA-7,23.59714285714286
Taylor's Bar,Barefoot,2024-01-11,MA-7,23.59714285714286
Taylor's Bar,Barefoot,2024-01-12,MA-7,23.59714285714286
Taylor's Bar,Barefoot,2024-01-13,MA-7,23.59714285714286
Taylor's Bar,Barefoot,2024-01-14,MA-7,23.59714285714286
Taylor's Bar,Barefoot,2024-01-15,MA-7,23.59714285714286
Taylor's Bar,Barefoot,2024-01-16,MA-7,23.59714285714286
Taylor's Bar,Barefoot,2024-01-17,MA-7,23.59714285714286
Taylor's Bar,Barefoot,2024-01-18,MA-7,23.59714285714286
Taylor's Bar,Barefoot,2024-01-19,MA-7,23.59714285714286
Taylor's Bar,Barefoot,2024-01-20,MA-7,23.59714285714286
Taylor's Bar,Barefoot,2024-01-21,MA-7,23.59714285714286
Taylor's Bar,Barefoot,2024-01-22,MA-7,23.59714285714286
Taylor's Bar,Barefoot,2024-01-23,MA-7,23.59714285714286
Taylor's Bar,Budweiser,2024-01-02,MA-14,63.85285714285715
Taylor's Bar,Budweiser,2024-01-03,MA-14,63.85285714285715
Taylor's Bar,Budweiser,2024-01-04,MA-14,63.85285714285715
Taylor's Bar,Budweiser,2024-01-05,MA-14,63.85285714285715
Taylor's Bar,Budweiser,2024-01-06,MA-14,63.85285714285715
Taylor's Bar,Budweiser,2024-01-07,MA-14,63.85285714285715
Taylor's Bar,Budweiser,2024-01-08,MA-14,63.85285714285715
Taylor's Bar,Budweiser,2024-01-09,MA-14,63.85285714285715
Taylor's Bar,Budweiser,2024-01-10,MA-14,63.85285714285715
Taylor's Bar,Budweiser,2024-01-11,MA-14,63.85285714285715
Taylor's Bar,Budweiser,2024-01-12,MA-14,63.85285714285715
Taylor's Bar,Budweiser,2024-01-13,MA-14,63.85285714285715
Taylor's Bar,Budweiser,2024-01-14,MA-14,63.85285714285715
Taylor's Bar,Budweiser,2024-01-15,MA-14,63.85285714285715
Taylor's Bar,Budweiser,2024-01-16,MA-14,63.85285714285715
Taylor's Bar,Budweiser,2024-01-17,MA-14,63.85285714285715
Taylor's Bar,Budweiser,2024-01-18,MA-14,63.85285714285715
Taylor's Bar,Budweiser,2024-01-19,MA-14,63.85285714285715
Taylor's Bar,Budweiser,2024-01-20,MA-14,63.85285714285715
Taylor's Bar,Budweiser,2024-01-21,MA-14,63.85285714285715
Taylor's Bar,Budweiser,2024-01-22,MA-14,63.85285714285715
Taylor's Bar,Budweiser,2024-01-23,MA-14,63.85285714285715
Taylor's Bar,Budweiser,2024-01-24,MA-14,63.85285714285715
Taylor's Bar,Budweiser,2024-01-25,MA-14,63.85285714285715
Taylor's Bar,Budweiser,2024-01-26,MA-14,63.85285714285715
Taylor's Bar,Budweiser,2024-01-27,MA-14,63.85285714285715
Taylor's Bar,Budweiser,2024-01-28,MA-14,63.85285714285715
Taylor's Bar,Budweiser,2024-01-29,MA-14,63.85285714285715
Taylor's Bar,Budweiser,2024-01-30,MA-14,63.85285714285715
Taylor's Bar,Budweiser,2024-01-31,MA-14,63.85285714285715
Taylor's Bar,Captain Morgan,2024-01-02,MA-30,61.47066666666667
Taylor's Bar,Captain Morgan,2024-01-03,MA-30,61.47066666666667
Taylor's Bar,Captain Morgan,2024-01-04,MA-30,61.47066666666667
Taylor's Bar,Captain Morgan,2024-01-05,MA-30,61.47066666666667
Taylor's Bar,Captain Morgan,2024-01-06,MA-30,61.47066666666667
Taylor's Bar,Captain Morgan,2024-01-07,MA-30,61.47066666666667
Taylor's Bar,Captain Morgan,2024-01-08,MA-30,61.47066666666667
Taylor's Bar,Captain Morgan,2024-01-09,MA-30,61.47066666666667
Taylor's Bar,Captain Morgan,2024-01-10,MA-30,61.47066666666667
Taylor's Bar,Captain Morgan,2024-01-11,MA-30,61.47066666666667
Taylor's Bar,Captain Morgan,2024-01-12,MA-30,61.47066666666667
Taylor's Bar,Captain Morgan,2024-01-13,MA-30,61.47066666666667
Taylor's Bar,Captain Morgan,2024-01-14,MA-30,61.47066666666667
Taylor's Bar,Captain Morgan,2024-01-15,MA-30,61.47066666666667
Taylor's Bar,Captain Morgan,2024-01-16,MA-30,61.47066666666667
Taylor's Bar,Captain Morgan,2024-01-17,MA-30,61.47066666666667
Taylor's Bar,Captain Morgan,2024-01-18,MA-30,61.47066666666667
Taylor's Bar,Captain Morgan,2024-01-19,MA-30,61.47066666666667
Taylor's Bar,Captain Morgan,2024-01-20,MA-30,61.47066666666667
Taylor's Bar,Captain Morgan,2024-01-21,MA-30,61.47066666666667
Taylor's Bar,Captain Morgan,2024-01-22,MA-30,61.47066666666667
Taylor's Bar,Captain Morgan,2024-01-23,MA-30,61.47066666666667
Taylor's Bar,Captain Morgan,2024-01-24,MA-30,61.47066666666667
Taylor's Bar,Captain Morgan,2024-01-25,MA-30,61.47066666666667
Taylor's Bar,Captain Morgan,2024-01-26,MA-30,61.47066666666667
Taylor's Bar,Captain Morgan,2024-01-27,MA-30,61.47066666666667
Taylor's Bar,Captain Morgan,2024-01-28,MA-30,61.47066666666667
Taylor's Bar,Captain Morgan,2024-01-29,MA-30,61.47066666666667
Taylor's Bar,Captain Morgan,2024-01-30,MA-30,61.47066666666667
Taylor's Bar,Captain Morgan,2024-01-31,MA-30,61.47066666666667
Taylor's Bar,Coors,2023-12-31,SBA,38.486368994506314
Taylor's Bar,Coors,2024-01-01,SBA,38.486368994506314
Taylor's Bar,Coors,2024-01-02,SBA,38.486368994506314
Taylor's Bar,Coors,2024-01-03,SBA,38.486368994506314
Taylor's Bar,Coors,2024-01-04,SBA,38.486368994506314
Taylor's Bar,Coors,2024-01-05,SBA,38.486368994506314
Taylor's Bar,Coors,2024-01-06,SBA,38.486368994506314
Taylor's Bar,Coors,2024-01-07,SBA,38.486368994506314
Taylor's Bar,Coors,2024-01-08,SBA,38.486368994506314
Taylor's Bar,Coors,2024-01-09,SBA,38.486368994506314
Taylor's Bar,Coors,2024-01-10,SBA,38.486368994506314
Taylor's Bar,Coors,2024-01-11,SBA,38.486368994506314
Taylor's Bar,Coors,2024-01-12,SBA,38.486368994506314
Taylor's Bar,Coors,2024-01-13,SBA,38.486368994506314
Taylor's Bar,Coors,2024-01-14,SBA,38.486368994506314
Taylor's Bar,Coors,2024-01-15,SBA,38.486368994506314
Taylor's Bar,Coors,2024-01-16,SBA,38.486368994506314
Taylor's Bar,Coors,2024-01-17,SBA,38.486368994506314
Taylor's Bar,Coors,2024-01-18,SBA,38.486368994506314
Taylor's Bar,Coors,2024-01-19,SBA,38.486368994506314
Taylor's Bar,Coors,2024-01-20,SBA,38.486368994506314
Taylor's Bar,Coors,2024-01-21,SBA,38.486368994506314
Taylor's Bar,Coors,2024-01-22,SBA,38.486368994506314
Taylor's Bar,Coors,2024-01-23,SBA,38.486368994506314
Taylor's Bar,Coors,2024-01-24,SBA,38.486368994506314
Taylor's Bar,Coors,2024-01-25,SBA,38.486368994506314
Taylor's Bar,Coors,2024-01-26,SBA,38.486368994506314
Taylor's Bar,Coors,2024-01-27,SBA,38.486368994506314
Taylor's Bar,Coors,2024-01-28,SBA,38.486368994506314
Taylor's Bar,Coors,2024-01-29,SBA,38.486368994506314
Taylor's Bar,Grey Goose,2023-12-15,Intermittent Mean,80.74319884726225
Taylor's Bar,Grey Goose,2023-12-16,Intermittent Mean,80.74319884726225
Taylor's Bar,Grey Goose,2023-12-17,Intermittent Mean,80.74319884726225
Taylor's Bar,Grey Goose,2023-12-18,Intermittent Mean,80.74319884726225
Taylor's Bar,Grey Goose,2023-12-19,Intermittent Mean,80.74319884726225
Taylor's Bar,Grey Goose,2023-12-20,Intermittent Mean,80.74319884726225
Taylor's Bar,Grey Goose,2023-12-21,Intermittent Mean,80.74319884726225
Taylor's Bar,Grey Goose,2023-12-22,Intermittent Mean,80.74319884726225
Taylor's Bar,Grey Goose,2023-12-23,Intermittent Mean,80.74319884726225
Taylor's Bar,Grey Goose,2023-12-24,Intermittent Mean,80.74319884726225
Taylor's Bar,Grey Goose,2023-12-25,Intermittent Mean,80.74319884726225
Taylor's Bar,Grey Goose,2023-12-26,Intermittent Mean,80.74319884726225
Taylor's Bar,Grey Goose,2023-12-27,Intermittent Mean,80.74319884726225
Taylor's Bar,Grey Goose,2023-12-28,Intermittent Mean,80.74319884726225
Taylor's Bar,Grey Goose,2023-12-29,Intermittent Mean,80.74319884726225
Taylor's Bar,Grey Goose,2023-12-30,Intermittent Mean,80.74319884726225
Taylor's Bar,Grey Goose,2023-12-31,Intermittent Mean,80.74319884726225
Taylor's Bar,Grey Goose,2024-01-01,Intermittent Mean,80.74319884726225
Taylor's Bar,Grey Goose,2024-01-02,Intermittent Mean,80.74319884726225
Taylor's Bar,Grey Goose,2024-01-03,Intermittent Mean,80.74319884726225
Taylor's Bar,Grey Goose,2024-01-04,Intermittent Mean,80.74319884726225
Taylor's Bar,Grey Goose,2024-01-05,Intermittent Mean,80.74319884726225
Taylor's Bar,Grey Goose,2024-01-06,Intermittent Mean,80.74319884726225
Taylor's Bar,Grey Goose,2024-01-07,Intermittent Mean,80.74319884726225
Taylor's Bar,Grey Goose,2024-01-08,Intermittent Mean,80.74319884726225
Taylor's Bar,Grey Goose,2024-01-09,Intermittent Mean,80.74319884726225
Taylor's Bar,Grey Goose,2024-01-10,Intermittent Mean,80.74319884726225
Taylor's Bar,Grey Goose,2024-01-11,Intermittent Mean,80.74319884726225
Taylor's Bar,Grey Goose,2024-01-12,Intermittent Mean,80.74319884726225
Taylor's Bar,Grey Goose,2024-01-13,Intermittent Mean,80.74319884726225
Taylor's Bar,Heineken,2023-12-03,MA-7,81.08571428571429
Taylor's Bar,Heineken,2023-12-04,MA-7,81.08571428571429
Taylor's Bar,Heineken,2023-12-05,MA-7,81.08571428571429
Taylor's Bar,Heineken,2023-12-06,MA-7,81.08571428571429
Taylor's Bar,Heineken,2023-12-07,MA-7,81.08571428571429
Taylor's Bar,Heineken,2023-12-08,MA-7,81.08571428571429
Taylor's Bar,Heineken,2023-12-09,MA-7,81.08571428571429
Taylor's Bar,Heineken,2023-12-10,MA-7,81.08571428571429
Taylor's Bar,Heineken,2023-12-11,MA-7,81.08571428571429
Taylor's Bar,Heineken,2023-12-12,MA-7,81.08571428571429
Taylor's Bar,Heineken,2023-12-13,MA-7,81.08571428571429
Taylor's Bar,Heineken,2023-12-14,MA-7,81.08571428571429
Taylor's Bar,Heineken,2023-12-15,MA-7,81.08571428571429
Taylor's Bar,Heineken,2023-12-16,MA-7,81.08571428571429
Taylor's Bar,Heineken,2023-12-17,MA-7,81.08571428571429
Taylor's Bar,Heineken,2023-12-18,MA-7,81.08571428571429
Taylor's Bar,Heineken,2023-12-19,MA-7,81.08571428571429
Taylor's Bar,Heineken,2023-12-20,MA-7,81.08571428571429
Taylor's Bar,Heineken,2023-12-21,MA-7,81.08571428571429
Taylor's Bar,Heineken,2023-12-22,MA-7,81.08571428571429
Taylor's Bar,Heineken,2023-12-23,MA-7,81.08571428571429
Taylor's Bar,Heineken,2023-12-24,MA-7,81.08571428571429
Taylor's Bar,Heineken,2023-12-25,MA-7,81.08571428571429
Taylor's Bar,Heineken,2023-12-26,MA-7,81.08571428571429
Taylor's Bar,Heineken,2023-12-27,MA-7,81.08571428571429
Taylor's Bar,Heineken,2023-12-28,MA-7,81.08571428571429
Taylor's Bar,Heineken,2023-12-29,MA-7,81.08571428571429
Taylor's Bar,Heineken,2023-12-30,MA-7,81.08571428571429
Taylor's Bar,Heineken,2023-12-31,MA-7,81.08571428571429
Taylor's Bar,Heineken,2024-01-01,MA-7,81.08571428571429
Taylor's Bar,Jack Daniels,2023-12-27,MA-30,98.842
Taylor's Bar,Jack Daniels,2023-12-28,MA-30,98.842
Taylor's Bar,Jack Daniels,2023-12-29,MA-30,98.842
Taylor's Bar,Jack Daniels,2023-12-30,MA-30,98.842
Taylor's Bar,Jack Daniels,2023-12-31,MA-30,98.842
Taylor's Bar,Jack Daniels,2024-01-01,MA-30,98.842
Taylor's Bar,Jack Daniels,2024-01-02,MA-30,98.842
Taylor's Bar,Jack Daniels,2024-01-03,MA-30,98.842
Taylor's Bar,Jack Daniels,2024-01-04,MA-30,98.842
Taylor's Bar,Jack Daniels,2024-01-05,MA-30,98.842
Taylor's Bar,Jack Daniels,2024-01-06,MA-30,98.842
Taylor's Bar,Jack Daniels,2024-01-07,MA-30,98.842
Taylor's Bar,Jack Daniels,2024-01-08,MA-30,98.842
Taylor's Bar,Jack Daniels,2024-01-09,MA-30,98.842
Taylor's Bar,Jack Daniels,2024-01-10,MA-30,98.842
Taylor's Bar,Jack Daniels,2024-01-11,MA-30,98.842
Taylor's Bar,Jack Daniels,2024-01-12,MA-30,98.842
Taylor's Bar,Jack Daniels,2024-01-13,MA-30,98.842
Taylor's Bar,Jack Daniels,2024-01-14,MA-30,98.842
Taylor's Bar,Jack Daniels,2024-01-15,MA-30,98.842
Taylor's Bar,Jack Daniels,2024-01-16,MA-30,98.842
Taylor's Bar,Jack Daniels,2024-01-17,MA-30,98.842
Taylor's Bar,Jack Daniels,2024-01-18,MA-30,98.842
Taylor's Bar,Jack Daniels,2024-01-19,MA-30,98.842
Taylor's Bar,Jack Daniels,2024-01-20,MA-30,98.842
Taylor's Bar,Jack Daniels,2024-01-21,MA-30,98.842
Taylor's Bar,Jack Daniels,2024-01-22,MA-30,98.842
Taylor's Bar,Jack Daniels,2024-01-23,MA-30,98.842
Taylor's Bar,Jack Daniels,2024-01-24,MA-30,98.842
Taylor's Bar,Jack Daniels,2024-01-25,MA-30,98.842
Taylor's Bar,Jameson,2023-12-26,MA-14,93.94714285714285
Taylor's Bar,Jameson,2023-12-27,MA-14,93.94714285714285
Taylor's Bar,Jameson,2023-12-28,MA-14,93.94714285714285
Taylor's Bar,Jameson,2023-12-29,MA-14,93.94714285714285
Taylor's Bar,Jameson,2023-12-30,MA-14,93.94714285714285
Taylor's Bar,Jameson,2023-12-31,MA-14,93.94714285714285
Taylor's Bar,Jameson,2024-01-01,MA-14,93.94714285714285
Taylor's Bar,Jameson,2024-01-02,MA-14,93.94714285714285
Taylor's Bar,Jameson,2024-01-03,MA-14,93.94714285714285
Taylor's Bar,Jameson,2024-01-04,MA-14,93.94714285714285
Taylor's Bar,Jameson,2024-01-05,MA-14,93.94714285714285
Taylor's Bar,Jameson,2024-01-06,MA-14,93.94714285714285
Taylor's Bar,Jameson,2024-01-07,MA-14,93.94714285714285
Taylor's Bar,Jameson,2024-01-08,MA-14,93.94714285714285
Taylor's Bar,Jameson,2024-01-09,MA-14,93.94714285714285
Taylor's Bar,Jameson,2024-01-10,MA-14,93.94714285714285
Taylor's Bar,Jameson,2024-01-11,MA-14,93.94714285714285
Taylor's Bar,Jameson,2024-01-12,MA-14,93.94714285714285
Taylor's Bar,Jameson,2024-01-13,MA-14,93.94714285714285
Taylor's Bar,Jameson,2024-01-14,MA-14,93.94714285714285
Taylor's Bar,Jameson,2024-01-15,MA-14,93.94714285714285
Taylor's Bar,Jameson,2024-01-16,MA-14,93.94714285714285
Taylor's Bar,Jameson,2024-01-17,MA-14,93.94714285714285
Taylor's Bar,Jameson,2024-01-18,MA-14,93.94714285714285
Taylor's Bar,Jameson,2024-01-19,MA-14,93.94714285714285
Taylor's Bar,Jameson,2024-01-20,MA-14,93.94714285714285
Taylor's Bar,Jameson,2024-01-21,MA-14,93.94714285714285
Taylor's Bar,Jameson,2024-01-22,MA-14,93.94714285714285
Taylor's Bar,Jameson,2024-01-23,MA-14,93.94714285714285
Taylor's Bar,Jameson,2024-01-24,MA-14,93.94714285714285
Taylor's Bar,Jim Beam,2024-01-02,MA-7,137.43857142857144
Taylor's Bar,Jim Beam,2024-01-03,MA-7,137.43857142857144
Taylor's Bar,Jim Beam,2024-01-04,MA-7,137.43857142857144
Taylor's Bar,Jim Beam,2024-01-05,MA-7,137.43857142857144
Taylor's Bar,Jim Beam,2024-01-06,MA-7,137.43857142857144
Taylor's Bar,Jim Beam,2024-01-07,MA-7,137.43857142857144
Taylor's Bar,Jim Beam,2024-01-08,MA-7,137.43857142857144
Taylor's Bar,Jim Beam,2024-01-09,MA-7,137.43857142857144
Taylor's Bar,Jim Beam,2024-01-10,MA-7,137.43857142857144
Taylor's Bar,Jim Beam,2024-01-11,MA-7,137.43857142857144
Taylor's Bar,Jim Beam,2024-01-12,MA-7,137.43857142857144
Taylor's Bar,Jim Beam,2024-01-13,MA-7,137.43857142857144
Taylor's Bar,Jim Beam,2024-01-14,MA-7,137.43857142857144
Taylor's Bar,Jim Beam,2024-01-15,MA-7,137.43857142857144
Taylor's Bar,Jim Beam,2024-01-16,MA-7,137.43857142857144
Taylor's Bar,Jim Beam,2024-01-17,MA-7,137.43857142857144
Taylor's Bar,Jim Beam,2024-01-18,MA-7,137.43857142857144
Taylor's Bar,Jim Beam,2024-01-19,MA-7,137.43857142857144
Taylor's Bar,Jim Beam,2024-01-20,MA-7,137.43857142857144
Taylor's Bar,Jim Beam,2024-01-21,MA-7,137.43857142857144
Taylor's Bar,Jim Beam,2024-01-22,MA-7,137.43857142857144
Taylor's Bar,Jim Beam,2024-01-23,MA-7,137.43857142857144
Taylor's Bar,Jim Beam,2024-01-24,MA-7,137.43857142857144
Taylor's Bar,Jim Beam,2024-01-25,MA-7,137.43857142857144
Taylor's Bar,Jim Beam,2024-01-26,MA-7,137.43857142857144
Taylor's Bar,Jim Beam,2024-01-27,MA-7,137.43857142857144
Taylor's Bar,Jim Beam,2024-01-28,MA-7,137.43857142857144
Taylor's Bar,Jim Beam,2024-01-29,MA-7,137.43857142857144
Taylor's Bar,Jim Beam,2024-01-30,MA-7,137.43857142857144
Taylor's Bar,Jim Beam,2024-01-31,MA-7,137.43857142857144
Taylor's Bar,Malibu,2024-01-01,MA-14,123.355
Taylor's Bar,Malibu,2024-01-02,MA-14,123.355
Taylor's Bar,Malibu,2024-01-03,MA-14,123.355
Taylor's Bar,Malibu,2024-01-04,MA-14,123.355
Taylor's Bar,Malibu,2024-01-05,MA-14,123.355
Taylor's Bar,Malibu,2024-01-06,MA-14,123.355
Taylor's Bar,Malibu,2024-01-07,MA-14,123.355
Taylor's Bar,Malibu,2024-01-08,MA-14,123.355
Taylor's Bar,Malibu,2024-01-09,MA-14,123.355
Taylor's Bar,Malibu,2024-01-10,MA-14,123.355
Taylor's Bar,Malibu,2024-01-11,MA-14,123.355
Taylor's Bar,Malibu,2024-01-12,MA-14,123.355
Taylor's Bar,Malibu,2024-01-13,MA-14,123.355
Taylor's Bar,Malibu,2024-01-14,MA-14,123.355
Taylor's Bar,Malibu,2024-01-15,MA-14,123.355
Taylor's Bar,Malibu,2024-01-16,MA-14,123.355
Taylor's Bar,Malibu,2024-01-17,MA-14,123.355
Taylor's Bar,Malibu,2024-01-18,MA-14,123.355
Taylor's Bar,Malibu,2024-01-19,MA-14,123.355
Taylor's Bar,Malibu,2024-01-20,MA-14,123.355
Taylor's Bar,Malibu,2024-01-21,MA-14,123.355
Taylor's Bar,Malibu,2024-01-22,MA-14,123.355
Taylor's Bar,Malibu,2024-01-23,MA-14,123.355
Taylor's Bar,Malibu,2024-01-24,MA-14,123.355
Taylor's Bar,Malibu,2024-01-25,MA-14,123.355
Taylor's Bar,Malibu,2024-01-26,MA-14,123.355
Taylor's Bar,Malibu,2024-01-27,MA-14,123.355
Taylor's Bar,Malibu,2024-01-28,MA-14,123.355
Taylor's Bar,Malibu,2024-01-29,MA-14,123.355
Taylor's Bar,Malibu,2024-01-30,MA-14,123.355
Taylor's Bar,Miller,2023-12-29,Intermittent Mean,40.21792134831461
Taylor's Bar,Miller,2023-12-30,Intermittent Mean,40.21792134831461
Taylor's Bar,Miller,2023-12-31,Intermittent Mean,40.21792134831461
Taylor's Bar,Miller,2024-01-01,Intermittent Mean,40.21792134831461
Taylor's Bar,Miller,2024-01-02,Intermittent Mean,40.21792134831461
Taylor's Bar,Miller,2024-01-03,Intermittent Mean,40.21792134831461
Taylor's Bar,Miller,2024-01-04,Intermittent Mean,40.21792134831461
Taylor's Bar,Miller,2024-01-05,Intermittent Mean,40.21792134831461
Taylor's Bar,Miller,2024-01-06,Intermittent Mean,40.21792134831461
Taylor's Bar,Miller,2024-01-07,Intermittent Mean,40.21792134831461
Taylor's Bar,Miller,2024-01-08,Intermittent Mean,40.21792134831461
Taylor's Bar,Miller,2024-01-09,Intermittent Mean,40.21792134831461
Taylor's Bar,Miller,2024-01-10,Intermittent Mean,40.21792134831461
Taylor's Bar,Miller,2024-01-11,Intermittent Mean,40.21792134831461
Taylor's Bar,Miller,2024-01-12,Intermittent Mean,40.21792134831461
Taylor's Bar,Miller,2024-01-13,Intermittent Mean,40.21792134831461
Taylor's Bar,Miller,2024-01-14,Intermittent Mean,40.21792134831461
Taylor's Bar,Miller,2024-01-15,Intermittent Mean,40.21792134831461
Taylor's Bar,Miller,2024-01-16,Intermittent Mean,40.21792134831461
Taylor's Bar,Miller,2024-01-17,Intermittent Mean,40.21792134831461
Taylor's Bar,Miller,2024-01-18,Intermittent Mean,40.21792134831461
Taylor's Bar,Miller,2024-01-19,Intermittent Mean,40.21792134831461
Taylor's Bar,Miller,2024-01-20,Intermittent Mean,40.21792134831461
Taylor's Bar,Miller,2024-01-21,Intermittent Mean,40.21792134831461
Taylor's Bar,Miller,2024-01-22,Intermittent Mean,40.21792134831461
Taylor's Bar,Miller,2024-01-23,Intermittent Mean,40.21792134831461
Taylor's Bar,Miller,2024-01-24,Intermittent Mean,40.21792134831461
Taylor's Bar,Miller,2024-01-25,Intermittent Mean,40.21792134831461
Taylor's Bar,Miller,2024-01-26,Intermittent Mean,40.21792134831461
Taylor's Bar,Miller,2024-01-27,Intermittent Mean,40.21792134831461
Taylor's Bar,Smirnoff,2023-12-31,MA-7,172.90571428571428
Taylor's Bar,Smirnoff,2024-01-01,MA-7,172.90571428571428
Taylor's Bar,Smirnoff,2024-01-02,MA-7,172.90571428571428
Taylor's Bar,Smirnoff,2024-01-03,MA-7,172.90571428571428
Taylor's Bar,Smirnoff,2024-01-04,MA-7,172.90571428571428
Taylor's Bar,Smirnoff,2024-01-05,MA-7,172.90571428571428
Taylor's Bar,Smirnoff,2024-01-06,MA-7,172.90571428571428
Taylor's Bar,Smirnoff,2024-01-07,MA-7,172.90571428571428
Taylor's Bar,Smirnoff,2024-01-08,MA-7,172.90571428571428
Taylor's Bar,Smirnoff,2024-01-09,MA-7,172.90571428571428
Taylor's Bar,Smirnoff,2024-01-10,MA-7,172.90571428571428
Taylor's Bar,Smirnoff,2024-01-11,MA-7,172.90571428571428
Taylor's Bar,Smirnoff,2024-01-12,MA-7,172.90571428571428
Taylor's Bar,Smirnoff,2024-01-13,MA-7,172.90571428571428
Taylor's Bar,Smirnoff,2024-01-14,MA-7,172.90571428571428
Taylor's Bar,Smirnoff,2024-01-15,MA-7,172.90571428571428
Taylor's Bar,Smirnoff,2024-01-16,MA-7,172.90571428571428
Taylor's Bar,Smirnoff,2024-01-17,MA-7,172.90571428571428
Taylor's Bar,Smirnoff,2024-01-18,MA-7,172.90571428571428
Taylor's Bar,Smirnoff,2024-01-19,MA-7,172.90571428571428
Taylor's Bar,Smirnoff,2024-01-20,MA-7,172.90571428571428
Taylor's Bar,Smirnoff,2024-01-21,MA-7,172.90571428571428
Taylor's Bar,Smirnoff,2024-01-22,MA-7,172.90571428571428
Taylor's Bar,Smirnoff,2024-01-23,MA-7,172.90571428571428
Taylor's Bar,Smirnoff,2024-01-24,MA-7,172.90571428571428
Taylor's Bar,Smirnoff,2024-01-25,MA-7,172.90571428571428
Taylor's Bar,Smirnoff,2024-01-26,MA-7,172.90571428571428
Taylor's Bar,Smirnoff,2024-01-27,MA-7,172.90571428571428
Taylor's Bar,Smirnoff,2024-01-28,MA-7,172.90571428571428
Taylor's Bar,Smirnoff,2024-01-29,MA-7,172.90571428571428
Taylor's Bar,Sutter Home,2024-01-01,SBA,57.131101380701296
Taylor's Bar,Sutter Home,2024-01-02,SBA,57.131101380701296
Taylor's Bar,Sutter Home,2024-01-03,SBA,57.131101380701296
Taylor's Bar,Sutter Home,2024-01-04,SBA,57.131101380701296
Taylor's Bar,Sutter Home,2024-01-05,SBA,57.131101380701296
Taylor's Bar,Sutter Home,2024-01-06,SBA,57.131101380701296
Taylor's Bar,Sutter Home,2024-01-07,SBA,57.131101380701296
Taylor's Bar,Sutter Home,2024-01-08,SBA,57.131101380701296
Taylor's Bar,Sutter Home,2024-01-09,SBA,57.131101380701296
Taylor's Bar,Sutter Home,2024-01-10,SBA,57.131101380701296
Taylor's Bar,Sutter Home,2024-01-11,SBA,57.131101380701296
Taylor's Bar,Sutter Home,2024-01-12,SBA,57.131101380701296
Taylor's Bar,Sutter Home,2024-01-13,SBA,57.131101380701296
Taylor's Bar,Sutter Home,2024-01-14,SBA,57.131101380701296
Taylor's Bar,Sutter Home,2024-01-15,SBA,57.131101380701296
Taylor's Bar,Sutter Home,2024-01-16,SBA,57.131101380701296
Taylor's Bar,Sutter Home,2024-01-17,SBA,57.131101380701296
Taylor's Bar,Sutter Home,2024-01-18,SBA,57.131101380701296
Taylor's Bar,Sutter Home,2024-01-19,SBA,57.131101380701296
Taylor's Bar,Sutter Home,2024-01-20,SBA,57.131101380701296
Taylor's Bar,Sutter Home,2024-01-21,SBA,57.131101380701296
Taylor's Bar,Sutter Home,2024-01-22,SBA,57.131101380701296
Taylor's Bar,Sutter Home,2024-01-23,SBA,57.131101380701296
Taylor's Bar,Sutter Home,2024-01-24,SBA,57.131101380701296
Taylor's Bar,Sutter Home,2024-01-25,SBA,57.131101380701296
Taylor's Bar,Sutter Home,2024-01-26,SBA,57.131101380701296
Taylor's Bar,Sutter Home,2024-01-27,SBA,57.131101380701296
Taylor's Bar,Sutter Home,2024-01-28,SBA,57.131101380701296
Taylor's Bar,Sutter Home,2024-01-29,SBA,57.131101380701296
Taylor's Bar,Sutter Home,2024-01-30,SBA,57.131101380701296
Taylor's Bar,Yellow Tail,2023-12-26,MA-14,73.44571428571429
Taylor's Bar,Yellow Tail,2023-12-27,MA-14,73.44571428571429
Taylor's Bar,Yellow Tail,2023-12-28,MA-14,73.44571428571429
Taylor's Bar,Yellow Tail,2023-12-29,MA-14,73.44571428571429
Taylor's Bar,Yellow Tail,2023-12-30,MA-14,73.44571428571429
Taylor's Bar,Yellow Tail,2023-12-31,MA-14,73.44571428571429
Taylor's Bar,Yellow Tail,2024-01-01,MA-14,73.44571428571429
Taylor's Bar,Yellow Tail,2024-01-02,MA-14,73.44571428571429
Taylor's Bar,Yellow Tail,2024-01-03,MA-14,73.44571428571429
Taylor's Bar,Yellow Tail,2024-01-04,MA-14,73.44571428571429
Taylor's Bar,Yellow Tail,2024-01-05,MA-14,73.44571428571429
Taylor's Bar,Yellow Tail,2024-01-06,MA-14,73.44571428571429
Taylor's Bar,Yellow Tail,2024-01-07,MA-14,73.44571428571429
Taylor's Bar,Yellow Tail,2024-01-08,MA-14,73.44571428571429
Taylor's Bar,Yellow Tail,2024-01-09,MA-14,73.44571428571429
Taylor's Bar,Yellow Tail,2024-01-10,MA-14,73.44571428571429
Taylor's Bar,Yellow Tail,2024-01-11,MA-14,73.44571428571429
Taylor's Bar,Yellow Tail,2024-01-12,MA-14,73.44571428571429
Taylor's Bar,Yellow Tail,2024-01-13,MA-14,73.44571428571429
Taylor's Bar,Yellow Tail,2024-01-14,MA-14,73.44571428571429
Taylor's Bar,Yellow Tail,2024-01-15,MA-14,73.44571428571429
Taylor's Bar,Yellow Tail,2024-01-16,MA-14,73.44571428571429
Taylor's Bar,Yellow Tail,2024-01-17,MA-14,73.44571428571429
Taylor's Bar,Yellow Tail,2024-01-18,MA-14,73.44571428571429
Taylor's Bar,Yellow Tail,2024-01-19,MA-14,73.44571428571429
Taylor's Bar,Yellow Tail,2024-01-20,MA-14,73.44571428571429
Taylor's Bar,Yellow Tail,2024-01-21,MA-14,73.44571428571429
Taylor's Bar,Yellow Tail,2024-01-22,MA-14,73.44571428571429
Taylor's Bar,Yellow Tail,2024-01-23,MA-14,73.44571428571429
Taylor's Bar,Yellow Tail,2024-01-24,MA-14,73.44571428571429
Thomas's Bar,Absolut,2024-01-02,MA-7,18.360000000000003
Thomas's Bar,Absolut,2024-01-03,MA-7,18.360000000000003
Thomas's Bar,Absolut,2024-01-04,MA-7,18.360000000000003
Thomas's Bar,Absolut,2024-01-05,MA-7,18.360000000000003
Thomas's Bar,Absolut,2024-01-06,MA-7,18.360000000000003
Thomas's Bar,Absolut,2024-01-07,MA-7,18.360000000000003
Thomas's Bar,Absolut,2024-01-08,MA-7,18.360000000000003
Thomas's Bar,Absolut,2024-01-09,MA-7,18.360000000000003
Thomas's Bar,Absolut,2024-01-10,MA-7,18.360000000000003
Thomas's Bar,Absolut,2024-01-11,MA-7,18.360000000000003
Thomas's Bar,Absolut,2024-01-12,MA-7,18.360000000000003
Thomas's Bar,Absolut,2024-01-13,MA-7,18.360000000000003
Thomas's Bar,Absolut,2024-01-14,MA-7,18.360000000000003
Thomas's Bar,Absolut,2024-01-15,MA-7,18.360000000000003
Thomas's Bar,Absolut,2024-01-16,MA-7,18.360000000000003
Thomas's Bar,Absolut,2024-01-17,MA-7,18.360000000000003
Thomas's Bar,Absolut,2024-01-18,MA-7,18.360000000000003
Thomas's Bar,Absolut,2024-01-19,MA-7,18.360000000000003
Thomas's Bar,Absolut,2024-01-20,MA-7,18.360000000000003
Thomas's Bar,Absolut,2024-01-21,MA-7,18.360000000000003
Thomas's Bar,Absolut,2024-01-22,MA-7,18.360000000000003
Thomas's Bar,Absolut,2024-01-23,MA-7,18.360000000000003
Thomas's Bar,Absolut,2024-01-24,MA-7,18.360000000000003
Thomas's Bar,Absolut,2024-01-25,MA-7,18.360000000000003
Thomas's Bar,Absolut,2024-01-26,MA-7,18.360000000000003
Thomas's Bar,Absolut,2024-01-27,MA-7,18.360000000000003
Thomas's Bar,Absolut,2024-01-28,MA-7,18.360000000000003
Thomas's Bar,Absolut,2024-01-29,MA-7,18.360000000000003
Thomas's Bar,Absolut,2024-01-30,MA-7,18.360000000000003
Thomas's Bar,Absolut,2024-01-31,MA-7,18.360000000000003
Thomas's Bar,Bacardi,2024-01-02,Mean,66.3868131868132
Thomas's Bar,Bacardi,2024-01-03,Mean,66.3868131868132
Thomas's Bar,Bacardi,2024-01-04,Mean,66.3868131868132
Thomas's Bar,Bacardi,2024-01-05,Mean,66.3868131868132
Thomas's Bar,Bacardi,2024-01-06,Mean,66.3868131868132
Thomas's Bar,Bacardi,2024-01-07,Mean,66.3868131868132
Thomas's Bar,Bacardi,2024-01-08,Mean,66.3868131868132
Thomas's Bar,Bacardi,2024-01-09,Mean,66.3868131868132
Thomas's Bar,Bacardi,2024-01-10,Mean,66.3868131868132
Thomas's Bar,Bacardi,2024-01-11,Mean,66.3868131868132
Thomas's Bar,Bacardi,2024-01-12,Mean,66.3868131868132
Thomas's Bar,Bacardi,2024-01-13,Mean,66.3868131868132
Thomas's Bar,Bacardi,2024-01-14,Mean,66.3868131868132
Thomas's Bar,Bacardi,2024-01-15,Mean,66.3868131868132
Thomas's Bar,Bacardi,2024-01-16,Mean,66.3868131868132
Thomas's Bar,Bacardi,2024-01-17,Mean,66.3868131868132
Thomas's Bar,Bacardi,2024-01-18,Mean,66.3868131868132
Thomas's Bar,Bacardi,2024-01-19,Mean,66.3868131868132
Thomas's Bar,Bacardi,2024-01-20,Mean,66.3868131868132
Thomas's Bar,Bacardi,2024-01-21,Mean,66.3868131868132
Thomas's Bar,Bacardi,2024-01-22,Mean,66.3868131868132
Thomas's Bar,Bacardi,2024-01-23,Mean,66.3868131868132
Thomas's Bar,Bacardi,2024-01-24,Mean,66.3868131868132
Thomas's Bar,Bacardi,2024-01-25,Mean,66.3868131868132
Thomas's Bar,Bacardi,2024-01-26,Mean,66.3868131868132
Thomas's Bar,Bacardi,2024-01-27,Mean,66.3868131868132
Thomas's Bar,Bacardi,2024-01-28,Mean,66.3868131868132
Thomas's Bar,Bacardi,2024-01-29,Mean,66.3868131868132
Thomas's Bar,Bacardi,2024-01-30,Mean,66.3868131868132
Thomas's Bar,Bacardi,2024-01-31,Mean,66.3868131868132
Thomas's Bar,Barefoot,2023-12-30,MA-7,106.89285714285714
Thomas's Bar,Barefoot,2023-12-31,MA-7,106.89285714285714
Thomas's Bar,Barefoot,2024-01-01,MA-7,106.89285714285714
Thomas's Bar,Barefoot,2024-01-02,MA-7,106.89285714285714
Thomas's Bar,Barefoot,2024-01-03,MA-7,106.89285714285714
Thomas's Bar,Barefoot,2024-01-04,MA-7,106.89285714285714
Thomas's Bar,Barefoot,2024-01-05,MA-7,106.89285714285714
Thomas's Bar,Barefoot,2024-01-06,MA-7,106.89285714285714
Thomas's Bar,Barefoot,2024-01-07,MA-7,106.89285714285714
Thomas's Bar,Barefoot,2024-01-08,MA-7,106.89285714285714
Thomas's Bar,Barefoot,2024-01-09,MA-7,106.89285714285714
Thomas's Bar,Barefoot,2024-01-10,MA-7,106.89285714285714
Thomas's Bar,Barefoot,2024-01-11,MA-7,106.89285714285714
Thomas's Bar,Barefoot,2024-01-12,MA-7,106.89285714285714
Thomas's Bar,Barefoot,2024-01-13,MA-7,106.89285714285714
Thomas's Bar,Barefoot,2024-01-14,MA-7,106.89285714285714
Thomas's Bar,Barefoot,2024-01-15,MA-7,106.89285714285714
Thomas's Bar,Barefoot,2024-01-16,MA-7,106.89285714285714
Thomas's Bar,Barefoot,2024-01-17,MA-7,106.89285714285714
Thomas's Bar,Barefoot,2024-01-18,MA-7,106.89285714285714
Thomas's Bar,Barefoot,2024-01-19,MA-7,106.89285714285714
Thomas's Bar,Barefoot,2024-01-20,MA-7,106.89285714285714
Thomas's Bar,Barefoot,2024-01-21,MA-7,106.89285714285714
Thomas's Bar,Barefoot,2024-01-22,MA-7,106.89285714285714
Thomas's Bar,Barefoot,2024-01-23,MA-7,106.89285714285714
Thomas's Bar,Barefoot,2024-01-24,MA-7,106.89285714285714
Thomas's Bar,Barefoot,2024-01-25,MA-7,106.89285714285714
Thomas's Bar,Barefoot,2024-01-26,MA-7,106.89285714285714
Thomas's Bar,Barefoot,2024-01-27,MA-7,106.89285714285714
Thomas's Bar,Barefoot,2024-01-28,MA-7,106.89285714285714
Thomas's Bar,Budweiser,2023-12-26,Intermittent Mean,42.33455056179776
Thomas's Bar,Budweiser,2023-12-27,Intermittent Mean,42.33455056179776
Thomas's Bar,Budweiser,2023-12-28,Intermittent Mean,42.33455056179776
Thomas's Bar,Budweiser,2023-12-29,Intermittent Mean,42.33455056179776
Thomas's Bar,Budweiser,2023-12-30,Intermittent Mean,42.33455056179776
Thomas's Bar,Budweiser,2023-12-31,Intermittent Mean,42.33455056179776
Thomas's Bar,Budweiser,2024-01-01,Intermittent Mean,42.33455056179776
Thomas's Bar,Budweiser,2024-01-02,Intermittent Mean,42.33455056179776
Thomas's Bar,Budweiser,2024-01-03,Intermittent Mean,42.33455056179776
Thomas's Bar,Budweiser,2024-01-04,Intermittent Mean,42.33455056179776
Thomas's Bar,Budweiser,2024-01-05,Intermittent Mean,42.33455056179776
Thomas's Bar,Budweiser,2024-01-06,Intermittent Mean,42.33455056179776
Thomas's Bar,Budweiser,2024-01-07,Intermittent Mean,42.33455056179776
Thomas's Bar,Budweiser,2024-01-08,Intermittent Mean,42.33455056179776
Thomas's Bar,Budweiser,2024-01-09,Intermittent Mean,42.33455056179776
Thomas's Bar,Budweiser,2024-01-10,Intermittent Mean,42.33455056179776
Thomas's Bar,Budweiser,2024-01-11,Intermittent Mean,42.33455056179776
Thomas's Bar,Budweiser,2024-01-12,Intermittent Mean,42.33455056179776
Thomas's Bar,Budweiser,2024-01-13,Intermittent Mean,42.33455056179776
Thomas's Bar,Budweiser,2024-01-14,Intermittent Mean,42.33455056179776
Thomas's Bar,Budweiser,2024-01-15,Intermittent Mean,42.33455056179776
Thomas's Bar,Budweiser,2024-01-16,Intermittent Mean,42.33455056179776
Thomas's Bar,Budweiser,2024-01-17,Intermittent Mean,42.33455056179776
Thomas's Bar,Budweiser,2024-01-18,Intermittent Mean,42.33455056179776
Thomas's Bar,Budweiser,2024-01-19,Intermittent Mean,42.33455056179776
Thomas's Bar,Budweiser,2024-01-20,Intermittent Mean,42.33455056179776
Thomas's Bar,Budweiser,2024-01-21,Intermittent Mean,42.33455056179776
Thomas's Bar,Budweiser,2024-01-22,Intermittent Mean,42.33455056179776
Thomas's Bar,Budweiser,2024-01-23,Intermittent Mean,42.33455056179776
Thomas's Bar,Budweiser,2024-01-24,Intermittent Mean,42.33455056179776
Thomas's Bar,Captain Morgan,2023-12-20,MA-7,128.29857142857142
Thomas's Bar,Captain Morgan,2023-12-21,MA-7,128.29857142857142
Thomas's Bar,Captain Morgan,2023-12-22,MA-7,128.29857142857142
Thomas's Bar,Captain Morgan,2023-12-23,MA-7,128.29857142857142
Thomas's Bar,Captain Morgan,2023-12-24,MA-7,128.29857142857142
Thomas's Bar,Captain Morgan,2023-12-25,MA-7,128.29857142857142
Thomas's Bar,Captain Morgan,2023-12-26,MA-7,128.29857142857142
Thomas's Bar,Captain Morgan,2023-12-27,MA-7,128.29857142857142
Thomas's Bar,Captain Morgan,2023-12-28,MA-7,128.29857142857142
Thomas's Bar,Captain Morgan,2023-12-29,MA-7,128.29857142857142
Thomas's Bar,Captain Morgan,2023-12-30,MA-7,128.29857142857142
Thomas's Bar,Captain Morgan,2023-12-31,MA-7,128.29857142857142
Thomas's Bar,Captain Morgan,2024-01-01,MA-7,128.29857142857142
Thomas's Bar,Captain Morgan,2024-01-02,MA-7,128.29857142857142
Thomas's Bar,Captain Morgan,2024-01-03,MA-7,128.29857142857142
Thomas's Bar,Captain Morgan,2024-01-04,MA-7,128.29857142857142
Thomas's Bar,Captain Morgan,2024-01-05,MA-7,128.29857142857142
Thomas's Bar,Captain Morgan,2024-01-06,MA-7,128.29857142857142
Thomas's Bar,Captain Morgan,2024-01-07,MA-7,128.29857142857142
Thomas's Bar,Captain Morgan,2024-01-08,MA-7,128.29857142857142
Thomas's Bar,Captain Morgan,2024-01-09,MA-7,128.29857142857142
Thomas's Bar,Captain Morgan,2024-01-10,MA-7,128.29857142857142
Thomas's Bar,Captain Morgan,2024-01-11,MA-7,128.29857142857142
Thomas's Bar,Captain Morgan,2024-01-12,MA-7,128.29857142857142
Thomas's Bar,Captain Morgan,2024-01-13,MA-7,128.29857142857142
Thomas's Bar,Captain Morgan,2024-01-14,MA-7,128.29857142857142
Thomas's Bar,Captain Morgan,2024-01-15,MA-7,128.29857142857142
Thomas's Bar,Captain Morgan,2024-01-16,MA-7,128.29857142857142
Thomas's Bar,Captain Morgan,2024-01-17,MA-7,128.29857142857142
Thomas's Bar,Captain Morgan,2024-01-18,MA-7,128.29857142857142
Thomas's Bar,Coors,2023-12-29,MA-30,17.790666666666667
Thomas's Bar,Coors,2023-12-30,MA-30,17.790666666666667
Thomas's Bar,Coors,2023-12-31,MA-30,17.790666666666667
Thomas's Bar,Coors,2024-01-01,MA-30,17.790666666666667
Thomas's Bar,Coors,2024-01-02,MA-30,17.790666666666667
Thomas's Bar,Coors,2024-01-03,MA-30,17.790666666666667
Thomas's Bar,Coors,2024-01-04,MA-30,17.790666666666667
Thomas's Bar,Coors,2024-01-05,MA-30,17.790666666666667
Thomas's Bar,Coors,2024-01-06,MA-30,17.790666666666667
Thomas's Bar,Coors,2024-01-07,MA-30,17.790666666666667
Thomas's Bar,Coors,2024-01-08,MA-30,17.790666666666667
Thomas's Bar,Coors,2024-01-09,MA-30,17.790666666666667
Thomas's Bar,Coors,2024-01-10,MA-30,17.790666666666667
Thomas's Bar,Coors,2024-01-11,MA-30,17.790666666666667
Thomas's Bar,Coors,2024-01-12,MA-30,17.790666666666667
Thomas's Bar,Coors,2024-01-13,MA-30,17.790666666666667
Thomas's Bar,Coors,2024-01-14,MA-30,17.790666666666667
Thomas's Bar,Coors,2024-01-15,MA-30,17.790666666666667
Thomas's Bar,Coors,2024-01-16,MA-30,17.790666666666667
Thomas's Bar,Coors,2024-01-17,MA-30,17.790666666666667
Thomas's Bar,Coors,2024-01-18,MA-30,17.790666666666667
Thomas's Bar,Coors,2024-01-19,MA-30,17.790666666666667
Thomas's Bar,Coors,2024-01-20,MA-30,17.790666666666667
Thomas's Bar,Coors,2024-01-21,MA-30,17.790666666666667
Thomas's Bar,Coors,2024-01-22,MA-30,17.790666666666667
Thomas's Bar,Coors,2024-01-23,MA-30,17.790666666666667
Thomas's Bar,Coors,2024-01-24,MA-30,17.790666666666667
Thomas's Bar,Coors,2024-01-25,MA-30,17.790666666666667
Thomas's Bar,Coors,2024-01-26,MA-30,17.790666666666667
Thomas's Bar,Coors,2024-01-27,MA-30,17.790666666666667
Thomas's Bar,Grey Goose,2023-12-28,MA-7,214.12285714285716
Thomas's Bar,Grey Goose,2023-12-29,MA-7,214.12285714285716
Thomas's Bar,Grey Goose,2023-12-30,MA-7,214.12285714285716
Thomas's Bar,Grey Goose,2023-12-31,MA-7,214.12285714285716
Thomas's Bar,Grey Goose,2024-01-01,MA-7,214.12285714285716
Thomas's Bar,Grey Goose,2024-01-02,MA-7,214.12285714285716
Thomas's Bar,Grey Goose,2024-01-03,MA-7,214.12285714285716
Thomas's Bar,Grey Goose,2024-01-04,MA-7,214.12285714285716
Thomas's Bar,Grey Goose,2024-01-05,MA-7,214.12285714285716
Thomas's Bar,Grey Goose,2024-01-06,MA-7,214.12285714285716
Thomas's Bar,Grey Goose,2024-01-07,MA-7,214.12285714285716
Thomas's Bar,Grey Goose,2024-01-08,MA-7,214.12285714285716
Thomas's Bar,Grey Goose,2024-01-09,MA-7,214.12285714285716
Thomas's Bar,Grey Goose,2024-01-10,MA-7,214.12285714285716
Thomas's Bar,Grey Goose,2024-01-11,MA-7,214.12285714285716
Thomas's Bar,Grey Goose,2024-01-12,MA-7,214.12285714285716
Thomas's Bar,Grey Goose,2024-01-13,MA-7,214.12285714285716
Thomas's Bar,Grey Goose,2024-01-14,MA-7,214.12285714285716
Thomas's Bar,Grey Goose,2024-01-15,MA-7,214.12285714285716
Thomas's Bar,Grey Goose,2024-01-16,MA-7,214.12285714285716
Thomas's Bar,Grey Goose,2024-01-17,MA-7,214.12285714285716
Thomas's Bar,Grey Goose,2024-01-18,MA-7,214.12285714285716
Thomas's Bar,Grey Goose,2024-01-19,MA-7,214.12285714285716
Thomas's Bar,Grey Goose,2024-01-20,MA-7,214.12285714285716
Thomas's Bar,Grey Goose,2024-01-21,MA-7,214.12285714285716
Thomas's Bar,Grey Goose,2024-01-22,MA-7,214.12285714285716
Thomas's Bar,Grey Goose,2024-01-23,MA-7,214.12285714285716
Thomas's Bar,Grey Goose,2024-01-24,MA-7,214.12285714285716
Thomas's Bar,Grey Goose,2024-01-25,MA-7,214.12285714285716
Thomas's Bar,Grey Goose,2024-01-26,MA-7,214.12285714285716
Thomas's Bar,Heineken,2023-12-31,MA-14,67.04928571428572
Thomas's Bar,Heineken,2024-01-01,MA-14,67.04928571428572
Thomas's Bar,Heineken,2024-01-02,MA-14,67.04928571428572
Thomas's Bar,Heineken,2024-01-03,MA-14,67.04928571428572
Thomas's Bar,Heineken,2024-01-04,MA-14,67.04928571428572
Thomas's Bar,Heineken,2024-01-05,MA-14,67.04928571428572
Thomas's Bar,Heineken,2024-01-06,MA-14,67.04928571428572
Thomas's Bar,Heineken,2024-01-07,MA-14,67.04928571428572
Thomas's Bar,Heineken,2024-01-08,MA-14,67.04928571428572
Thomas's Bar,Heineken,2024-01-09,MA-14,67.04928571428572
Thomas's Bar,Heineken,2024-01-10,MA-14,67.04928571428572
Thomas's Bar,Heineken,2024-01-11,MA-14,67.04928571428572
Thomas's Bar,Heineken,2024-01-12,MA-14,67.04928571428572
Thomas's Bar,Heineken,2024-01-13,MA-14,67.04928571428572
Thomas's Bar,Heineken,2024-01-14,MA-14,67.04928571428572
Thomas's Bar,Heineken,2024-01-15,MA-14,67.04928571428572
Thomas's Bar,Heineken,2024-01-16,MA-14,67.04928571428572
Thomas's Bar,Heineken,2024-01-17,MA-14,67.04928571428572
Thomas's Bar,Heineken,2024-01-18,MA-14,67.04928571428572
Thomas's Bar,Heineken,2024-01-19,MA-14,67.04928571428572
Thomas's Bar,Heineken,2024-01-20,MA-14,67.04928571428572
Thomas's Bar,Heineken,2024-01-21,MA-14,67.04928571428572
Thomas's Bar,Heineken,2024-01-22,MA-14,67.04928571428572
Thomas's Bar,Heineken,2024-01-23,MA-14,67.04928571428572
Thomas's Bar,Heineken,2024-01-24,MA-14,67.04928571428572
Thomas's Bar,Heineken,2024-01-25,MA-14,67.04928571428572
Thomas's Bar,Heineken,2024-01-26,MA-14,67.04928571428572
Thomas's Bar,Heineken,2024-01-27,MA-14,67.04928571428572
Thomas's Bar,Heineken,2024-01-28,MA-14,67.04928571428572
Thomas's Bar,Heineken,2024-01-29,MA-14,67.04928571428572
Thomas's Bar,Jack Daniels,2023-12-31,MA-30,67.39233333333334
Thomas's Bar,Jack Daniels,2024-01-01,MA-30,67.39233333333334
Thomas's Bar,Jack Daniels,2024-01-02,MA-30,67.39233333333334
Thomas's Bar,Jack Daniels,2024-01-03,MA-30,67.39233333333334
Thomas's Bar,Jack Daniels,2024-01-04,MA-30,67.39233333333334
Thomas's Bar,Jack Daniels,2024-01-05,MA-30,67.39233333333334
Thomas's Bar,Jack Daniels,2024-01-06,MA-30,67.39233333333334
Thomas's Bar,Jack Daniels,2024-01-07,MA-30,67.39233333333334
Thomas's Bar,Jack Daniels,2024-01-08,MA-30,67.39233333333334
Thomas's Bar,Jack Daniels,2024-01-09,MA-30,67.39233333333334
Thomas's Bar,Jack Daniels,2024-01-10,MA-30,67.39233333333334
Thomas's Bar,Jack Daniels,2024-01-11,MA-30,67.39233333333334
Thomas's Bar,Jack Daniels,2024-01-12,MA-30,67.39233333333334
Thomas's Bar,Jack Daniels,2024-01-13,MA-30,67.39233333333334
Thomas's Bar,Jack Daniels,2024-01-14,MA-30,67.39233333333334
Thomas's Bar,Jack Daniels,2024-01-15,MA-30,67.39233333333334
Thomas's Bar,Jack Daniels,2024-01-16,MA-30,67.39233333333334
Thomas's Bar,Jack Daniels,2024-01-17,MA-30,67.39233333333334
Thomas's Bar,Jack Daniels,2024-01-18,MA-30,67.39233333333334
Thomas's Bar,Jack Daniels,2024-01-19,MA-30,67.39233333333334
Thomas's Bar,Jack Daniels,2024-01-20,MA-30,67.39233333333334
Thomas's Bar,Jack Daniels,2024-01-21,MA-30,67.39233333333334
Thomas's Bar,Jack Daniels,2024-01-22,MA-30,67.39233333333334
Thomas's Bar,Jack Daniels,2024-01-23,MA-30,67.39233333333334
Thomas's Bar,Jack Daniels,2024-01-24,MA-30,67.39233333333334
Thomas's Bar,Jack Daniels,2024-01-25,MA-30,67.39233333333334
Thomas's Bar,Jack Daniels,2024-01-26,MA-30,67.39233333333334
Thomas's Bar,Jack Daniels,2024-01-27,MA-30,67.39233333333334
Thomas's Bar,Jack Daniels,2024-01-28,MA-30,67.39233333333334
Thomas's Bar,Jack Daniels,2024-01-29,MA-30,67.39233333333334
Thomas's Bar,Jameson,2024-01-01,MA-30,29.720999999999997
Thomas's Bar,Jameson,2024-01-02,MA-30,29.720999999999997
Thomas's Bar,Jameson,2024-01-03,MA-30,29.720999999999997
Thomas's Bar,Jameson,2024-01-04,MA-30,29.720999999999997
Thomas's Bar,Jameson,2024-01-05,MA-30,29.720999999999997
Thomas's Bar,Jameson,2024-01-06,MA-30,29.720999999999997
Thomas's Bar,Jameson,2024-01-07,MA-30,29.720999999999997
Thomas's Bar,Jameson,2024-01-08,MA-30,29.720999999999997
Thomas's Bar,Jameson,2024-01-09,MA-30,29.720999999999997
Thomas's Bar,Jameson,2024-01-10,MA-30,29.720999999999997
Thomas's Bar,Jameson,2024-01-11,MA-30,29.720999999999997
Thomas's Bar,Jameson,2024-01-12,MA-30,29.720999999999997
Thomas's Bar,Jameson,2024-01-13,MA-30,29.720999999999997
Thomas's Bar,Jameson,2024-01-14,MA-30,29.720999999999997
Thomas's Bar,Jameson,2024-01-15,MA-30,29.720999999999997
Thomas's Bar,Jameson,2024-01-16,MA-30,29.720999999999997
Thomas's Bar,Jameson,2024-01-17,MA-30,29.720999999999997
Thomas's Bar,Jameson,2024-01-18,MA-30,29.720999999999997
Thomas's Bar,Jameson,2024-01-19,MA-30,29.720999999999997
Thomas's Bar,Jameson,2024-01-20,MA-30,29.720999999999997
Thomas's Bar,Jameson,2024-01-21,MA-30,29.720999999999997
Thomas's Bar,Jameson,2024-01-22,MA-30,29.720999999999997
Thomas's Bar,Jameson,2024-01-23,MA-30,29.720999999999997
Thomas's Bar,Jameson,2024-01-24,MA-30,29.720999999999997
Thomas's Bar,Jameson,2024-01-25,MA-30,29.720999999999997
Thomas's Bar,Jameson,2024-01-26,MA-30,29.720999999999997
Thomas's Bar,Jameson,2024-01-27,MA-30,29.720999999999997
Thomas's Bar,Jameson,2024-01-28,MA-30,29.720999999999997
Thomas's Bar,Jameson,2024-01-29,MA-30,29.720999999999997
Thomas's Bar,Jameson,2024-01-30,MA-30,29.720999999999997
Thomas's Bar,Jim Beam,2023-12-29,Intermittent Mean,69.88375
Thomas's Bar,Jim Beam,2023-12-30,Intermittent Mean,69.88375
Thomas's Bar,Jim Beam,2023-12-31,Intermittent Mean,69.88375
Thomas's Bar,Jim Beam,2024-01-01,Intermittent Mean,69.88375
Thomas's Bar,Jim Beam,2024-01-02,Intermittent Mean,69.88375
Thomas's Bar,Jim Beam,2024-01-03,Intermittent Mean,69.88375
Thomas's Bar,Jim Beam,2024-01-04,Intermittent Mean,69.88375
Thomas's Bar,Jim Beam,2024-01-05,Intermittent Mean,69.88375
Thomas's Bar,Jim Beam,2024-01-06,Intermittent Mean,69.88375
Thomas's Bar,Jim Beam,2024-01-07,Intermittent Mean,69.88375
Thomas's Bar,Jim Beam,2024-01-08,Intermittent Mean,69.88375
Thomas's Bar,Jim Beam,2024-01-09,Intermittent Mean,69.88375
Thomas's Bar,Jim Beam,2024-01-10,Intermittent Mean,69.88375
Thomas's Bar,Jim Beam,2024-01-11,Intermittent Mean,69.88375
Thomas's Bar,Jim Beam,2024-01-12,Intermittent Mean,69.88375
Thomas's Bar,Jim Beam,2024-01-13,Intermittent Mean,69.88375
Thomas's Bar,Jim Beam,2024-01-14,Intermittent Mean,69.88375
Thomas's Bar,Jim Beam,2024-01-15,Intermittent Mean,69.88375
Thomas's Bar,Jim Beam,2024-01-16,Intermittent Mean,69.88375
Thomas's Bar,Jim Beam,2024-01-17,Intermittent Mean,69.88375
Thomas's Bar,Jim Beam,2024-01-18,Intermittent Mean,69.88375
Thomas's Bar,Jim Beam,2024-01-19,Intermittent Mean,69.88375
Thomas's Bar,Jim Beam,2024-01-20,Intermittent Mean,69.88375
Thomas's Bar,Jim Beam,2024-01-21,Intermittent Mean,69.88375
Thomas's Bar,Jim Beam,2024-01-22,Intermittent Mean,69.88375
Thomas's Bar,Jim Beam,2024-01-23,Intermittent Mean,69.88375
Thomas's Bar,Jim Beam,2024-01-24,Intermittent Mean,69.88375
Thomas's Bar,Jim Beam,2024-01-25,Intermittent Mean,69.88375
Thomas's Bar,Jim Beam,2024-01-26,Intermittent Mean,69.88375
Thomas's Bar,Jim Beam,2024-01-27,Intermittent Mean,69.88375
Thomas's Bar,Malibu,2023-12-31,Intermittent Mean,59.55038461538461
Thomas's Bar,Malibu,2024-01-01,Intermittent Mean,59.55038461538461
Thomas's Bar,Malibu,2024-01-02,Intermittent Mean,59.55038461538461
Thomas's Bar,Malibu,2024-01-03,Intermittent Mean,59.55038461538461
Thomas's Bar,Malibu,2024-01-04,Intermittent Mean,59.55038461538461
Thomas's Bar,Malibu,2024-01-05,Intermittent Mean,59.55038461538461
Thomas's Bar,Malibu,2024-01-06,Intermittent Mean,59.55038461538461
Thomas's Bar,Malibu,2024-01-07,Intermittent Mean,59.55038461538461
Thomas's Bar,Malibu,2024-01-08,Intermittent Mean,59.55038461538461
Thomas's Bar,Malibu,2024-01-09,Intermittent Mean,59.55038461538461
Thomas's Bar,Malibu,2024-01-10,Intermittent Mean,59.55038461538461
Thomas's Bar,Malibu,2024-01-11,Intermittent Mean,59.55038461538461
Thomas's Bar,Malibu,2024-01-12,Intermittent Mean,59.55038461538461
Thomas's Bar,Malibu,2024-01-13,Intermittent Mean,59.55038461538461
Thomas's Bar,Malibu,2024-01-14,Intermittent Mean,59.55038461538461
Thomas's Bar,Malibu,2024-01-15,Intermittent Mean,59.55038461538461
Thomas's Bar,Malibu,2024-01-16,Intermittent Mean,59.55038461538461
Thomas's Bar,Malibu,2024-01-17,Intermittent Mean,59.55038461538461
Thomas's Bar,Malibu,2024-01-18,Intermittent Mean,59.55038461538461
Thomas's Bar,Malibu,2024-01-19,Intermittent Mean,59.55038461538461
Thomas's Bar,Malibu,2024-01-20,Intermittent Mean,59.55038461538461
Thomas's Bar,Malibu,2024-01-21,Intermittent Mean,59.55038461538461
Thomas's Bar,Malibu,2024-01-22,Intermittent Mean,59.55038461538461
Thomas's Bar,Malibu,2024-01-23,Intermittent Mean,59.55038461538461
Thomas's Bar,Malibu,2024-01-24,Intermittent Mean,59.55038461538461
Thomas's Bar,Malibu,2024-01-25,Intermittent Mean,59.55038461538461
Thomas's Bar,Malibu,2024-01-26,Intermittent Mean,59.55038461538461
Thomas's Bar,Malibu,2024-01-27,Intermittent Mean,59.55038461538461
Thomas's Bar,Malibu,2024-01-28,Intermittent Mean,59.55038461538461
Thomas's Bar,Malibu,2024-01-29,Intermittent Mean,59.55038461538461
Thomas's Bar,Miller,2023-12-22,MA-7,78.46285714285715
Thomas's Bar,Miller,2023-12-23,MA-7,78.46285714285715
Thomas's Bar,Miller,2023-12-24,MA-7,78.46285714285715
Thomas's Bar,Miller,2023-12-25,MA-7,78.46285714285715
Thomas's Bar,Miller,2023-12-26,MA-7,78.46285714285715
Thomas's Bar,Miller,2023-12-27,MA-7,78.46285714285715
Thomas's Bar,Miller,2023-12-28,MA-7,78.46285714285715
Thomas's Bar,Miller,2023-12-29,MA-7,78.46285714285715
Thomas's Bar,Miller,2023-12-30,MA-7,78.46285714285715
Thomas's Bar,Miller,2023-12-31,MA-7,78.46285714285715
Thomas's Bar,Miller,2024-01-01,MA-7,78.46285714285715
Thomas's Bar,Miller,2024-01-02,MA-7,78.46285714285715
Thomas's Bar,Miller,2024-01-03,MA-7,78.46285714285715
Thomas's Bar,Miller,2024-01-04,MA-7,78.46285714285715
Thomas's Bar,Miller,2024-01-05,MA-7,78.46285714285715
Thomas's Bar,Miller,2024-01-06,MA-7,78.46285714285715
Thomas's Bar,Miller,2024-01-07,MA-7,78.46285714285715
Thomas's Bar,Miller,2024-01-08,MA-7,78.46285714285715
Thomas's Bar,Miller,2024-01-09,MA-7,78.46285714285715
Thomas's Bar,Miller,2024-01-10,MA-7,78.46285714285715
Thomas's Bar,Miller,2024-01-11,MA-7,78.46285714285715
Thomas's Bar,Miller,2024-01-12,MA-7,78.46285714285715
Thomas's Bar,Miller,2024-01-13,MA-7,78.46285714285715
Thomas's Bar,Miller,2024-01-14,MA-7,78.46285714285715
Thomas's Bar,Miller,2024-01-15,MA-7,78.46285714285715
Thomas's Bar,Miller,2024-01-16,MA-7,78.46285714285715
Thomas's Bar,Miller,2024-01-17,MA-7,78.46285714285715
Thomas's Bar,Miller,2024-01-18,MA-7,78.46285714285715
Thomas's Bar,Miller,2024-01-19,MA-7,78.46285714285715
Thomas's Bar,Miller,2024-01-20,MA-7,78.46285714285715
Thomas's Bar,Smirnoff,2024-01-01,Intermittent Mean,58.840247252747254
Thomas's Bar,Smirnoff,2024-01-02,Intermittent Mean,58.840247252747254
Thomas's Bar,Smirnoff,2024-01-03,Intermittent Mean,58.840247252747254
Thomas's Bar,Smirnoff,2024-01-04,Intermittent Mean,58.840247252747254
Thomas's Bar,Smirnoff,2024-01-05,Intermittent Mean,58.840247252747254
Thomas's Bar,Smirnoff,2024-01-06,Intermittent Mean,58.840247252747254
Thomas's Bar,Smirnoff,2024-01-07,Intermittent Mean,58.840247252747254
Thomas's Bar,Smirnoff,2024-01-08,Intermittent Mean,58.840247252747254
Thomas's Bar,Smirnoff,2024-01-09,Intermittent Mean,58.840247252747254
Thomas's Bar,Smirnoff,2024-01-10,Intermittent Mean,58.840247252747254
Thomas's Bar,Smirnoff,2024-01-11,Intermittent Mean,58.840247252747254
Thomas's Bar,Smirnoff,2024-01-12,Intermittent Mean,58.840247252747254
Thomas's Bar,Smirnoff,2024-01-13,Intermittent Mean,58.840247252747254
Thomas's Bar,Smirnoff,2024-01-14,Intermittent Mean,58.840247252747254
Thomas's Bar,Smirnoff,2024-01-15,Intermittent Mean,58.840247252747254
Thomas's Bar,Smirnoff,2024-01-16,Intermittent Mean,58.840247252747254
Thomas's Bar,Smirnoff,2024-01-17,Intermittent Mean,58.840247252747254
Thomas's Bar,Smirnoff,2024-01-18,Intermittent Mean,58.840247252747254
Thomas's Bar,Smirnoff,2024-01-19,Intermittent Mean,58.840247252747254
Thomas's Bar,Smirnoff,2024-01-20,Intermittent Mean,58.840247252747254
Thomas's Bar,Smirnoff,2024-01-21,Intermittent Mean,58.840247252747254
Thomas's Bar,Smirnoff,2024-01-22,Intermittent Mean,58.840247252747254
Thomas's Bar,Smirnoff,2024-01-23,Intermittent Mean,58.840247252747254
Thomas's Bar,Smirnoff,2024-01-24,Intermittent Mean,58.840247252747254
Thomas's Bar,Smirnoff,2024-01-25,Intermittent Mean,58.840247252747254
Thomas's Bar,Smirnoff,2024-01-26,Intermittent Mean,58.840247252747254
Thomas's Bar,Smirnoff,2024-01-27,Intermittent Mean,58.840247252747254
Thomas's Bar,Smirnoff,2024-01-28,Intermittent Mean,58.840247252747254
Thomas's Bar,Smirnoff,2024-01-29,Intermittent Mean,58.840247252747254
Thomas's Bar,Smirnoff,2024-01-30,Intermittent Mean,58.840247252747254
Thomas's Bar,Sutter Home,2023-12-31,SBA,25.62176759000126
Thomas's Bar,Sutter Home,2024-01-01,SBA,25.62176759000126
Thomas's Bar,Sutter Home,2024-01-02,SBA,25.62176759000126
Thomas's Bar,Sutter Home,2024-01-03,SBA,25.62176759000126
Thomas's Bar,Sutter Home,2024-01-04,SBA,25.62176759000126
Thomas's Bar,Sutter Home,2024-01-05,SBA,25.62176759000126
Thomas's Bar,Sutter Home,2024-01-06,SBA,25.62176759000126
Thomas's Bar,Sutter Home,2024-01-07,SBA,25.62176759000126
Thomas's Bar,Sutter Home,2024-01-08,SBA,25.62176759000126
Thomas's Bar,Sutter Home,2024-01-09,SBA,25.62176759000126
Thomas's Bar,Sutter Home,2024-01-10,SBA,25.62176759000126
Thomas's Bar,Sutter Home,2024-01-11,SBA,25.62176759000126
Thomas's Bar,Sutter Home,2024-01-12,SBA,25.62176759000126
Thomas's Bar,Sutter Home,2024-01-13,SBA,25.62176759000126
Thomas's Bar,Sutter Home,2024-01-14,SBA,25.62176759000126
Thomas's Bar,Sutter Home,2024-01-15,SBA,25.62176759000126
Thomas's Bar,Sutter Home,2024-01-16,SBA,25.62176759000126
Thomas's Bar,Sutter Home,2024-01-17,SBA,25.62176759000126
Thomas's Bar,Sutter Home,2024-01-18,SBA,25.62176759000126
Thomas's Bar,Sutter Home,2024-01-19,SBA,25.62176759000126
Thomas's Bar,Sutter Home,2024-01-20,SBA,25.62176759000126
Thomas's Bar,Sutter Home,2024-01-21,SBA,25.62176759000126
Thomas's Bar,Sutter Home,2024-01-22,SBA,25.62176759000126
Thomas's Bar,Sutter Home,2024-01-23,SBA,25.62176759000126
Thomas's Bar,Sutter Home,2024-01-24,SBA,25.62176759000126
Thomas's Bar,Sutter Home,2024-01-25,SBA,25.62176759000126
Thomas's Bar,Sutter Home,2024-01-26,SBA,25.62176759000126
Thomas's Bar,Sutter Home,2024-01-27,SBA,25.62176759000126
Thomas's Bar,Sutter Home,2024-01-28,SBA,25.62176759000126
Thomas's Bar,Sutter Home,2024-01-29,SBA,25.62176759000126
Thomas's Bar,Yellow Tail,2023-12-27,MA-30,102.16133333333332
Thomas's Bar,Yellow Tail,2023-12-28,MA-30,102.16133333333332
Thomas's Bar,Yellow Tail,2023-12-29,MA-30,102.16133333333332
Thomas's Bar,Yellow Tail,2023-12-30,MA-30,102.16133333333332
Thomas's Bar,Yellow Tail,2023-12-31,MA-30,102.16133333333332
Thomas's Bar,Yellow Tail,2024-01-01,MA-30,102.16133333333332
Thomas's Bar,Yellow Tail,2024-01-02,MA-30,102.16133333333332
Thomas's Bar,Yellow Tail,2024-01-03,MA-30,102.16133333333332
Thomas's Bar,Yellow Tail,2024-01-04,MA-30,102.16133333333332
Thomas's Bar,Yellow Tail,2024-01-05,MA-30,102.16133333333332
Thomas's Bar,Yellow Tail,2024-01-06,MA-30,102.16133333333332
Thomas's Bar,Yellow Tail,2024-01-07,MA-30,102.16133333333332
Thomas's Bar,Yellow Tail,2024-01-08,MA-30,102.16133333333332
Thomas's Bar,Yellow Tail,2024-01-09,MA-30,102.16133333333332
Thomas's Bar,Yellow Tail,2024-01-10,MA-30,102.16133333333332
Thomas's Bar,Yellow Tail,2024-01-11,MA-30,102.16133333333332
Thomas's Bar,Yellow Tail,2024-01-12,MA-30,102.16133333333332
Thomas's Bar,Yellow Tail,2024-01-13,MA-30,102.16133333333332
Thomas's Bar,Yellow Tail,2024-01-14,MA-30,102.16133333333332
Thomas's Bar,Yellow Tail,2024-01-15,MA-30,102.16133333333332
Thomas's Bar,Yellow Tail,2024-01-16,MA-30,102.16133333333332
Thomas's Bar,Yellow Tail,2024-01-17,MA-30,102.16133333333332
Thomas's Bar,Yellow Tail,2024-01-18,MA-30,102.16133333333332
Thomas's Bar,Yellow Tail,2024-01-19,MA-30,102.16133333333332
Thomas's Bar,Yellow Tail,2024-01-20,MA-30,102.16133333333332
Thomas's Bar,Yellow Tail,2024-01-21,MA-30,102.16133333333332
Thomas's Bar,Yellow Tail,2024-01-22,MA-30,102.16133333333332
Thomas's Bar,Yellow Tail,2024-01-23,MA-30,102.16133333333332
Thomas's Bar,Yellow Tail,2024-01-24,MA-30,102.16133333333332
Thomas's Bar,Yellow Tail,2024-01-25,MA-30,102.16133333333332
